frame_id,mode,success,tx,ty,tz,qx,qy,qz,qw,m00,m01,m02,m03,m10,m11,m12,m13,m20,m21,m22,m23,m30,m31,m32,m33
0000,register,1,0.03474415,-0.01363414,0.49887025,0.00558515,-0.02016394,-0.00069893,0.99978089,0.99918586,0.00117230,-0.04032684,0.03474415,-0.00162279,0.99993670,-0.01113968,-0.01363414,0.04031125,0.01119605,0.99912453,0.49887025,-0.00000000,0.00000000,-0.00000000,1.00000000
0001,track,1,0.03474494,-0.01391284,0.49879670,0.00582609,-0.02016049,-0.00106981,0.99977922,0.99918461,0.00190422,-0.04032451,0.03474494,-0.00237408,0.99992967,-0.01160648,-0.01391284,0.04029962,0.01169273,0.99911904,0.49879670,0.00000000,0.00000000,0.00000000,1.00000000
0002,track,1,0.03442082,-0.01343348,0.49881503,0.00556965,-0.02043667,-0.00091128,0.99977529,0.99916321,0.00159451,-0.04087430,0.03442082,-0.00204977,0.99993652,-0.01109954,-0.01343348,0.04085400,0.01117404,0.99910283,0.49881503,0.00000000,0.00000000,0.00000000,1.00000000
0003,track,1,0.03455224,-0.01329453,0.49875429,0.00548377,-0.02037563,-0.00092495,0.99977702,0.99916816,0.00162603,-0.04075231,0.03455224,-0.00207293,0.99993825,-0.01092740,-0.01329453,0.04073203,0.01100279,0.99910963,0.49875429,0.00000000,0.00000000,0.00000000,1.00000000
0004,track,1,0.03464982,-0.01310283,0.49872330,0.00532872,-0.02030095,-0.00094002,0.99977934,0.99917418,0.00166328,-0.04060296,0.03464982,-0.00209598,0.99994159,-0.01061693,-0.01310283,0.04058293,0.01069327,0.99911916,0.49872330,0.00000000,0.00000000,0.00000000,1.00000000
0005,track,1,0.03464479,-0.01339327,0.49871966,0.00559036,-0.02025849,-0.00084511,0.99977881,0.99917781,0.00146332,-0.04051746,0.03464479,-0.00191635,0.99993610,-0.01114401,-0.01339327,0.04049857,0.01121249,0.99911678,0.49871966,0.00000000,0.00000000,0.00000000,1.00000000
0006,track,1,0.03458201,-0.01358964,0.49872303,0.00573758,-0.02029977,-0.00073684,0.99977726,0.99917483,0.00124043,-0.04059899,0.03458201,-0.00170627,0.99993312,-0.01144271,-0.01358964,0.04058200,0.01150250,0.99910998,0.49872303,0.00000000,0.00000000,0.00000000,1.00000000
0007,track,1,0.03440696,-0.01340324,0.49874341,0.00560497,-0.02046929,-0.00056503,0.99977463,0.99916130,0.00090036,-0.04093563,0.03440696,-0.00135925,0.99993646,-0.01118428,-0.01340324,0.04092307,0.01123056,0.99909925,0.49874341,0.00000000,0.00000000,0.00000000,1.00000000
0008,track,1,0.03447206,-0.01350677,0.49872804,0.00571901,-0.02044333,-0.00045109,0.99977458,0.99916363,0.00066815,-0.04088244,0.03447206,-0.00113580,0.99993408,-0.01141698,-0.01350677,0.04087242,0.01145390,0.99909872,0.49872804,0.00000000,0.00000000,0.00000000,1.00000000
0009,track,1,0.03461412,-0.01348894,0.49868795,0.00572195,-0.02030789,-0.00034078,0.99977738,0.99917495,0.00044900,-0.04061065,0.03461412,-0.00091379,0.99993432,-0.01142752,-0.01348894,0.04060282,0.01145516,0.99910975,0.49868795,0.00000000,0.00000000,0.00000000,1.00000000
0010,track,1,0.03479767,-0.01336910,0.49868646,0.00565944,-0.02015010,-0.00032537,0.99978089,0.99918771,0.00042251,-0.04029498,0.03479767,-0.00087869,0.99993575,-0.01130328,-0.01336910,0.04028778,0.01132954,0.99912399,0.49868646,0.00000000,0.00000000,0.00000000,1.00000000
0011,track,1,0.03505155,-0.01379623,0.49865243,0.00603033,-0.01991364,-0.00027412,0.99978352,0.99920654,0.00030796,-0.03982195,0.03505155,-0.00078829,0.99992692,-0.01204713,-0.01379623,0.03981534,0.01206896,0.99913418,0.49865243,0.00000000,0.00000000,0.00000000,1.00000000
0012,track,1,0.03500284,-0.01374846,0.49864843,0.00600472,-0.01989796,-0.00031299,0.99978393,0.99920803,0.00038686,-0.03979109,0.03500284,-0.00086483,0.99992770,-0.01199439,-0.01374846,0.03978357,0.01201930,0.99913597,0.49864843,0.00000000,0.00000000,0.00000000,1.00000000
0013,track,1,0.03499315,-0.01364023,0.49864030,0.00593481,-0.01988853,-0.00034273,0.99978453,0.99920875,0.00044927,-0.03977256,0.03499315,-0.00092134,0.99992925,-0.01185343,-0.01364023,0.03976443,0.01188070,0.99913841,0.49864030,0.00000000,0.00000000,0.00000000,1.00000000
0014,track,1,0.03542063,-0.01380489,0.49858031,0.00607291,-0.01951705,-0.00031241,0.99979109,0.99923795,0.00038763,-0.03902974,0.03542063,-0.00086174,0.99992609,-0.01213108,-0.01380489,0.03902215,0.01215547,0.99916458,0.49858031,0.00000000,0.00000000,0.00000000,1.00000000
0015,track,1,0.03620519,-0.01403361,0.49847025,0.00628049,-0.01866868,-0.00034911,0.99980593,0.99930263,0.00046360,-0.03733450,0.03620519,-0.00093257,0.99992073,-0.01254550,-0.01403361,0.03732572,0.01257157,0.99922395,0.49847025,0.00000000,0.00000000,0.00000000,1.00000000
0016,track,1,0.03723811,-0.01420431,0.49846631,0.00643101,-0.01759191,-0.00035841,0.99982452,0.99938077,0.00049040,-0.03518225,0.03723811,-0.00094301,0.99991703,-0.01284716,-0.01420431,0.03517303,0.01287238,0.99929845,0.49846631,0.00000000,0.00000000,0.00000000,1.00000000
0017,track,1,0.03822138,-0.01436430,0.49835894,0.00657004,-0.01656439,-0.00035289,0.99984121,0.99945110,0.00048807,-0.03312814,0.03822138,-0.00092325,0.99991345,-0.01312628,-0.01436430,0.03311888,0.01314972,0.99936479,0.49835894,0.00000000,0.00000000,0.00000000,1.00000000
0018,track,1,0.03904775,-0.01446483,0.49827921,0.00665701,-0.01568230,-0.00034180,0.99985486,0.99950784,0.00047473,-0.03136460,0.03904775,-0.00089228,0.99991107,-0.01330136,-0.01446483,0.03135550,0.01332280,0.99941951,0.49827921,0.00000000,0.00000000,0.00000000,1.00000000
0019,track,1,0.03964964,-0.01449362,0.49821192,0.00668687,-0.01505213,-0.00033456,0.99986434,0.99954659,0.00046763,-0.03010464,0.03964964,-0.00087044,0.99991035,-0.01336184,-0.01449362,0.03009570,0.01338202,0.99945736,0.49821192,0.00000000,0.00000000,0.00000000,1.00000000
0020,track,1,0.04003460,-0.01450987,0.49816379,0.00670509,-0.01464626,-0.00032190,0.99987024,0.99957085,0.00044734,-0.02929305,0.04003460,-0.00084010,0.99990988,-0.01339902,-0.01450987,0.02928441,0.01341788,0.99948114,0.49816379,0.00000000,0.00000000,0.00000000,1.00000000
0021,track,1,0.04027176,-0.01452469,0.49813315,0.00671917,-0.01439603,-0.00032079,0.99987376,0.99958527,0.00044805,-0.02879274,0.04027176,-0.00083494,0.99990946,-0.01342741,-0.01452469,0.02878412,0.01344588,0.99949527,0.49813315,0.00000000,0.00000000,0.00000000,1.00000000
0022,track,1,0.04041970,-0.01453614,0.49811313,0.00672909,-0.01423984,-0.00032155,0.99987596,0.99959445,0.00045139,-0.02848048,0.04041970,-0.00083467,0.99990940,-0.01344735,-0.01453614,0.02847182,0.01346567,0.99950397,0.49811313,0.00000000,0.00000000,0.00000000,1.00000000
0023,track,1,0.04051257,-0.01454270,0.49809995,0.00673452,-0.01414110,-0.00032295,0.99987733,0.99959987,0.00045523,-0.02828301,0.04051257,-0.00083640,0.99990928,-0.01345819,-0.01454270,0.02827445,0.01347660,0.99950945,0.49809995,0.00000000,0.00000000,0.00000000,1.00000000
0024,track,1,0.04056673,-0.01454611,0.49809176,0.00673720,-0.01408263,-0.00032362,0.99987811,0.99960327,0.00045750,-0.02816615,0.04056673,-0.00083682,0.99990898,-0.01346365,-0.01454611,0.02815752,0.01348186,0.99951261,0.49809176,0.00000000,0.00000000,0.00000000,1.00000000
0025,track,1,0.04061190,-0.01454877,0.49808484,0.00673921,-0.01403351,-0.00032419,0.99987876,0.99960595,0.00045919,-0.02806800,0.04061190,-0.00083742,0.99990898,-0.01346770,-0.01454877,0.02805925,0.01348587,0.99951512,0.49808484,0.00000000,0.00000000,0.00000000,1.00000000
0026,track,1,0.04064573,-0.01455113,0.49807927,0.00674088,-0.01399619,-0.00032450,0.99987930,0.99960792,0.00046024,-0.02799338,0.04064573,-0.00083759,0.99990880,-0.01347104,-0.01455113,0.02798461,0.01348922,0.99951726,0.49807927,0.00000000,0.00000000,0.00000000,1.00000000
0027,track,1,0.04067602,-0.01455349,0.49807435,0.00674252,-0.01396244,-0.00032471,0.99987978,0.99960989,0.00046119,-0.02792590,0.04067602,-0.00083748,0.99990863,-0.01347436,-0.01455349,0.02791713,0.01349249,0.99951923,0.49807435,0.00000000,0.00000000,0.00000000,1.00000000
0028,track,1,0.04070229,-0.01455531,0.49806988,0.00674373,-0.01393308,-0.00032496,0.99988019,0.99961162,0.00046191,-0.02786716,0.04070229,-0.00083777,0.99990886,-0.01347677,-0.01455531,0.02785847,0.01349492,0.99952096,0.49806988,0.00000000,0.00000000,0.00000000,1.00000000
0029,track,1,0.04073229,-0.01455726,0.49806565,0.00674506,-0.01389987,-0.00032515,0.99988061,0.99961334,0.00046265,-0.02780093,0.04073229,-0.00083780,0.99990880,-0.01347949,-0.01455726,0.02779191,0.01349752,0.99952257,0.49806565,0.00000000,0.00000000,0.00000000,1.00000000
0030,track,1,0.04073601,-0.01455764,0.49807379,0.00674469,-0.01388977,-0.00032569,0.99988073,0.99961382,0.00046399,-0.02778062,0.04073601,-0.00083862,0.99990863,-0.01347873,-0.01455764,0.02777181,0.01349680,0.99952316,0.49807379,0.00000000,0.00000000,0.00000000,1.00000000
0031,track,1,0.04062175,-0.01456367,0.49807858,0.00674869,-0.01400270,-0.00032822,0.99987912,0.99960744,0.00046732,-0.02800646,0.04062175,-0.00084539,0.99990863,-0.01348665,-0.01456367,0.02799755,0.01350485,0.99951684,0.49807858,0.00000000,0.00000000,0.00000000,1.00000000
0032,track,1,0.04046120,-0.01457411,0.49808696,0.00675652,-0.01416480,-0.00033255,0.99987680,0.99959850,0.00047371,-0.02833058,0.04046120,-0.00085634,0.99990851,-0.01350202,-0.01457411,0.02832162,0.01352073,0.99950713,0.49808696,0.00000000,0.00000000,0.00000000,1.00000000
0033,track,1,0.04029172,-0.01458832,0.49809220,0.00676659,-0.01433669,-0.00033732,0.99987429,0.99958867,0.00048052,-0.02867434,0.04029172,-0.00086860,0.99990815,-0.01352180,-0.01458832,0.02866521,0.01354115,0.99949747,0.49809220,0.00000000,0.00000000,0.00000000,1.00000000
0034,track,1,0.04010812,-0.01460358,0.49809530,0.00677687,-0.01452496,-0.00034224,0.99987149,0.99957776,0.00048751,-0.02905084,0.04010812,-0.00088128,0.99990785,-0.01354206,-0.01460358,0.02904152,0.01356195,0.99948609,0.49809530,0.00000000,0.00000000,0.00000000,1.00000000
0035,track,1,0.03989240,-0.01462898,0.49809808,0.00679459,-0.01475428,-0.00034900,0.99986804,0.99956435,0.00049745,-0.02950941,0.03989240,-0.00089838,0.99990737,-0.01357707,-0.01462898,0.02949992,0.01359769,0.99947238,0.49809808,0.00000000,0.00000000,0.00000000,1.00000000
0036,track,1,0.03964319,-0.01465959,0.49808598,0.00681637,-0.01503136,-0.00035335,0.99986374,0.99954778,0.00050163,-0.03006343,0.03964319,-0.00091156,0.99990684,-0.01362026,-0.01465959,0.03005381,0.01364151,0.99945527,0.49808598,0.00000000,0.00000000,0.00000000,1.00000000
0037,track,1,0.03937203,-0.01471108,0.49805900,0.00684680,-0.01538932,-0.00036090,0.99985808,0.99952614,0.00051100,-0.03077922,0.03937203,-0.00093241,0.99990600,-0.01368054,-0.01471108,0.03076934,0.01370276,0.99943268,0.49805900,0.00000000,0.00000000,0.00000000,1.00000000
0038,track,1,0.03910952,-0.01475493,0.49802932,0.00687269,-0.01576688,-0.00037293,0.99985200,0.99950254,0.00052905,-0.03153421,0.03910952,-0.00096247,0.99990517,-0.01373157,-0.01475493,0.03152397,0.01375510,0.99940842,0.49802932,0.00000000,0.00000000,0.00000000,1.00000000
0039,track,1,0.03886255,-0.01480106,0.49799284,0.00689632,-0.01613897,-0.00037557,0.99984592,0.99947876,0.00052842,-0.03227814,0.03886255,-0.00097361,0.99990463,-0.01377839,-0.01480106,0.03226778,0.01380263,0.99938381,0.49799284,0.00000000,0.00000000,0.00000000,1.00000000
0040,track,1,0.03862810,-0.01482539,0.49796009,0.00690664,-0.01650505,-0.00038427,0.99983990,0.99945498,0.00054041,-0.03301012,0.03862810,-0.00099641,0.99990457,-0.01379839,-0.01482539,0.03299950,0.01382376,0.99935991,0.49796009,0.00000000,0.00000000,0.00000000,1.00000000
0041,track,1,0.03841436,-0.01488196,0.49791902,0.00694199,-0.01683284,-0.00040242,0.99983418,0.99943304,0.00057098,-0.03366569,0.03841436,-0.00103843,0.99990338,-0.01386813,-0.01488196,0.03365452,0.01389522,0.99933696,0.49791902,0.00000000,0.00000000,0.00000000,1.00000000
0042,track,1,0.03824398,-0.01492693,0.49789152,0.00697063,-0.01715238,-0.00039928,0.99982858,0.99941158,0.00055936,-0.03430444,0.03824398,-0.00103748,0.99990267,-0.01392516,-0.01492693,0.03429331,0.01395256,0.99931461,0.49789152,0.00000000,0.00000000,0.00000000,1.00000000
0043,track,1,0.03806639,-0.01495830,0.49784940,0.00698758,-0.01747255,-0.00038494,0.99982285,0.99938911,0.00052557,-0.03494430,0.03806639,-0.00101394,0.99990207,-0.01395924,-0.01495830,0.03493354,0.01398614,0.99929178,0.49784940,0.00000000,0.00000000,0.00000000,1.00000000
0044,track,1,0.03789026,-0.01494898,0.49778208,0.00698066,-0.01786729,-0.00038370,0.99981588,0.99936128,0.00051779,-0.03573338,0.03789026,-0.00101672,0.99990231,-0.01394504,-0.01494898,0.03572266,0.01397246,0.99926436,0.49778208,0.00000000,0.00000000,0.00000000,1.00000000
0045,track,1,0.03764181,-0.01503227,0.49750763,0.00700905,-0.01842519,-0.00045809,0.99980557,0.99932039,0.00065774,-0.03684963,0.03764181,-0.00117427,0.99990118,-0.01399849,-0.01503227,0.03683680,0.01403225,0.99922287,0.49750763,0.00000000,0.00000000,0.00000000,1.00000000
0046,track,1,0.03747915,-0.01527120,0.49717003,0.00714555,-0.01903676,-0.00060909,0.99979311,0.99927455,0.00094590,-0.03807434,0.03747915,-0.00148997,0.99989724,-0.01426495,-0.01527120,0.03805693,0.01431133,0.99917310,0.49717003,0.00000000,0.00000000,0.00000000,1.00000000
0047,track,1,0.03802613,-0.01537681,0.49632892,0.00719994,-0.01877885,-0.00076017,0.99979746,0.99929333,0.00124958,-0.03756101,0.03802613,-0.00179046,0.99989504,-0.01436839,-0.01537681,0.03753917,0.01442554,0.99919093,0.49632892,0.00000000,0.00000000,0.00000000,1.00000000
0048,track,1,0.03883558,-0.01534283,0.49612466,0.00716396,-0.01814550,-0.00075839,0.99980938,0.99934030,0.00125656,-0.03629494,0.03883558,-0.00177643,0.99989611,-0.01429766,-0.01534283,0.03627324,0.01435272,0.99923873,0.49612466,0.00000000,0.00000000,0.00000000,1.00000000
0049,track,1,0.03965332,-0.01534236,0.49594736,0.00715895,-0.01740464,-0.00078544,0.99982262,0.99939287,0.00132143,-0.03481434,0.03965332,-0.00181976,0.99989617,-0.01428803,-0.01534236,0.03479187,0.01434269,0.99929154,0.49594736,0.00000000,0.00000000,0.00000000,1.00000000
0050,track,1,0.04016823,-0.01538291,0.49580944,0.00718651,-0.01695702,-0.00077827,0.99983013,0.99942350,0.00131255,-0.03391948,0.04016823,-0.00180000,0.99989527,-0.01434417,-0.01538291,0.03389707,0.01439697,0.99932158,0.49580944,0.00000000,0.00000000,0.00000000,1.00000000
0051,track,1,0.04059681,-0.01541052,0.49568719,0.00720669,-0.01656710,-0.00076630,0.99983650,0.99944979,0.00129354,-0.03313982,0.04059681,-0.00177114,0.99989486,-0.01438564,-0.01541052,0.03311773,0.01443642,0.99934727,0.49568719,0.00000000,0.00000000,0.00000000,1.00000000
0052,track,1,0.04088474,-0.01543907,0.49558264,0.00723050,-0.01629518,-0.00076015,0.99984080,0.99946773,0.00128439,-0.03259616,0.04088474,-0.00175571,0.99989426,-0.01443392,-0.01543907,0.03257418,0.01448347,0.99936438,0.49558264,0.00000000,0.00000000,0.00000000,1.00000000
0053,track,1,0.04115743,-0.01546565,0.49549749,0.00724997,-0.01603618,-0.00075561,0.99984491,0.99948448,0.00127846,-0.03207833,0.04115743,-0.00174352,0.99989372,-0.01447346,-0.01546565,0.03205641,0.01452193,0.99938059,0.49549749,0.00000000,0.00000000,0.00000000,1.00000000
0054,track,1,0.04135354,-0.01548393,0.49543199,0.00725921,-0.01585791,-0.00075699,0.99984765,0.99949592,0.00128356,-0.03172198,0.04135354,-0.00174394,0.99989343,-0.01449218,-0.01548393,0.03169999,0.01454023,0.99939162,0.49543199,0.00000000,0.00000000,0.00000000,1.00000000
0055,track,1,0.04146960,-0.01549629,0.49537650,0.00726429,-0.01576790,-0.00075821,0.99984902,0.99950147,0.00128707,-0.03154203,0.04146960,-0.00174531,0.99989331,-0.01450249,-0.01549629,0.03152004,0.01455029,0.99939716,0.49537650,0.00000000,0.00000000,0.00000000,1.00000000
0056,track,1,0.04155131,-0.01550653,0.49532580,0.00726798,-0.01571694,-0.00075926,0.99984980,0.99950475,0.00128978,-0.03144023,0.04155131,-0.00174679,0.99989313,-0.01450992,-0.01550653,0.03141809,0.01455761,0.99940050,0.49532580,0.00000000,0.00000000,0.00000000,1.00000000
0057,track,1,0.04158663,-0.01551787,0.49532321,0.00727134,-0.01570428,-0.00076060,0.99984998,0.99950576,0.00129259,-0.03141491,0.04158663,-0.00174937,0.99989331,-0.01451662,-0.01551787,0.03139279,0.01456439,0.99940091,0.49532321,0.00000000,0.00000000,0.00000000,1.00000000
0058,track,1,0.04159329,-0.01552771,0.49528265,0.00727429,-0.01573378,-0.00076232,0.99984950,0.99950385,0.00129554,-0.03147390,0.04159329,-0.00175330,0.99989307,-0.01452241,-0.01552771,0.03145172,0.01457039,0.99939907,0.49528265,0.00000000,0.00000000,0.00000000,1.00000000
0059,track,1,0.04157304,-0.01553562,0.49525049,0.00727715,-0.01578806,-0.00076389,0.99984866,0.99950045,0.00129771,-0.03158246,0.04157304,-0.00175738,0.99989313,-0.01452798,-0.01553562,0.03156023,0.01457622,0.99939579,0.49525049,0.00000000,0.00000000,0.00000000,1.00000000
0060,track,1,0.04152015,-0.01554456,0.49522913,0.00728176,-0.01587127,-0.00076600,0.99984729,0.99949503,0.00130060,-0.03174886,0.04152015,-0.00176293,0.99989283,-0.01453701,-0.01554456,0.03172651,0.01458558,0.99939024,0.49522913,0.00000000,0.00000000,0.00000000,1.00000000
0061,track,1,0.04141166,-0.01555488,0.49522477,0.00728875,-0.01599950,-0.00076871,0.99984521,0.99948704,0.00130391,-0.03200524,0.04141166,-0.00177047,0.99989271,-0.01455064,-0.01555488,0.03198284,0.01459986,0.99938214,0.49522477,0.00000000,0.00000000,0.00000000,1.00000000
0062,track,1,0.04122731,-0.01556668,0.49524900,0.00729855,-0.01618833,-0.00077362,0.99984211,0.99947476,0.00131069,-0.03238283,0.04122731,-0.00178329,0.99989235,-0.01456975,-0.01556668,0.03236023,0.01461984,0.99936968,0.49524900,0.00000000,0.00000000,0.00000000,1.00000000
0063,track,1,0.04084827,-0.01557984,0.49534425,0.00731686,-0.01652446,-0.00078582,0.99983639,0.99945247,0.00132963,-0.03305500,0.04084827,-0.00181314,0.99989140,-0.01460535,-0.01557984,0.03303202,0.01465731,0.99934679,0.49534425,0.00000000,0.00000000,0.00000000,1.00000000
0064,track,1,0.04034698,-0.01556778,0.49556831,0.00733123,-0.01695004,-0.00080812,0.99982917,0.99942416,0.00136741,-0.03390615,0.04034698,-0.00186452,0.99989122,-0.01463256,-0.01556778,0.03388245,0.01468736,0.99931794,0.49556831,0.00000000,0.00000000,0.00000000,1.00000000
0065,track,1,0.03984292,-0.01555625,0.49581122,0.00734549,-0.01738336,-0.00082935,0.99982160,0.99939442,0.00140306,-0.03477271,0.03984292,-0.00191373,0.99989080,-0.01465953,-0.01555625,0.03474834,0.01471717,0.99928772,0.49581122,0.00000000,0.00000000,0.00000000,1.00000000
0066,track,1,0.03932230,-0.01553312,0.49607199,0.00735622,-0.01783646,-0.00085113,0.99981350,0.99936211,0.00143945,-0.03567871,0.03932230,-0.00196443,0.99989033,-0.01467931,-0.01553312,0.03565380,0.01474008,0.99925530,0.49607199,0.00000000,0.00000000,0.00000000,1.00000000
0067,track,1,0.03878426,-0.01548715,0.49634317,0.00735481,-0.01830511,-0.00087786,0.99980503,0.99932820,0.00148609,-0.03661600,0.03878426,-0.00202468,0.99989021,-0.01467462,-0.01548715,0.03659016,0.01473889,0.99922156,0.49634317,0.00000000,0.00000000,0.00000000,1.00000000
0068,track,1,0.03820822,-0.01546067,0.49663195,0.00736796,-0.01881222,-0.00089937,0.99979556,0.99929059,0.00152106,-0.03763003,0.03820822,-0.00207567,0.99988991,-0.01469908,-0.01546067,0.03760348,0.01476673,0.99918377,0.49663195,0.00000000,0.00000000,0.00000000,1.00000000
0069,track,1,0.03763029,-0.01544022,0.49695519,0.00739121,-0.01932919,-0.00091972,0.99978548,0.99925113,0.00155333,-0.03866370,0.03763029,-0.00212476,0.99988902,-0.01474369,-0.01544022,0.03863649,0.01481480,0.99914372,0.49695519,0.00000000,0.00000000,0.00000000,1.00000000
0070,track,1,0.03671949,-0.01540607,0.49734196,0.00743165,-0.02004090,-0.00094414,0.99977118,0.99919510,0.00158992,-0.04008667,0.03671949,-0.00218576,0.99988800,-0.01482206,-0.01540607,0.04005860,0.01489774,0.99908632,0.49734196,0.00000000,0.00000000,0.00000000,1.00000000
0071,track,1,0.03594912,-0.01529569,0.49815881,0.00748296,-0.02066609,-0.00099202,0.99975795,0.99914384,0.00167429,-0.04133701,0.03594912,-0.00229284,0.99988598,-0.01492128,-0.01529569,0.04130732,0.01500329,0.99903387,0.49815881,0.00000000,0.00000000,0.00000000,1.00000000
0072,track,1,0.03486703,-0.01545610,0.49915773,0.00772498,-0.02124318,-0.00109973,0.99974394,0.99909490,0.00187068,-0.04249247,0.03486703,-0.00252710,0.99987805,-0.01539927,-0.01545610,0.04245849,0.01549272,0.99897802,0.49915773,0.00000000,0.00000000,0.00000000,1.00000000
0073,track,1,0.03446536,-0.01533181,0.50030136,0.00792238,-0.02112352,-0.00128905,0.99974471,0.99910450,0.00224274,-0.04225668,0.03446536,-0.00291213,0.99987131,-0.01578626,-0.01533181,0.04221583,0.01589518,0.99898225,0.50030136,0.00000000,0.00000000,0.00000000,1.00000000
0074,track,1,0.03522050,-0.01529890,0.50074744,0.00799552,-0.02031986,-0.00136315,0.99976063,0.99917054,0.00240073,-0.04065180,0.03522050,-0.00305055,0.99986839,-0.01593179,-0.01529890,0.04060820,0.01604262,0.99904633,0.50074744,0.00000000,0.00000000,0.00000000,1.00000000
0075,track,1,0.03590490,-0.01518004,0.50091696,0.00799097,-0.01957959,-0.00137893,0.99977547,0.99922955,0.00244424,-0.03917241,0.03590490,-0.00307024,0.99986869,-0.01592434,-0.01518004,0.03912834,0.01603235,0.99910569,0.50091696,0.00000000,0.00000000,0.00000000,1.00000000
0076,track,1,0.03624640,-0.01516476,0.50103623,0.00800876,-0.01917876,-0.00139010,0.99978304,0.99926043,0.00247237,-0.03837138,0.03624640,-0.00308684,0.99986792,-0.01596063,-0.01516476,0.03832701,0.01606745,0.99913603,0.50103623,0.00000000,0.00000000,0.00000000,1.00000000
0077,track,1,0.03649011,-0.01515577,0.50110370,0.00802427,-0.01890642,-0.00139942,0.99978811,0.99928105,0.00249481,-0.03782728,0.03649011,-0.00310168,0.99986732,-0.01599222,-0.01515577,0.03778237,0.01609805,0.99915624,0.50110370,0.00000000,0.00000000,0.00000000,1.00000000
0078,track,1,0.03661446,-0.01514831,0.50117111,0.00803304,-0.01876144,-0.00140758,0.99979073,0.99929214,0.00251320,-0.03753765,0.03661446,-0.00311595,0.99986696,-0.01600993,-0.01514831,0.03749242,0.01611552,0.99916703,0.50117111,0.00000000,0.00000000,0.00000000,1.00000000
0079,track,1,0.03668931,-0.01513932,0.50122267,0.00803848,-0.01867719,-0.00141328,0.99979228,0.99929845,0.00252572,-0.03736935,0.03668931,-0.00312623,0.99986678,-0.01602083,-0.01513932,0.03732391,0.01612641,0.99917305,0.50122267,0.00000000,0.00000000,0.00000000,1.00000000
0080,track,1,0.03671067,-0.01513134,0.50127524,0.00804375,-0.01865109,-0.00141747,0.99979275,0.99930048,0.00253430,-0.03731726,0.03671067,-0.00313440,0.99986678,-0.01603130,-0.01513134,0.03727165,0.01613705,0.99917501,0.50127524,0.00000000,0.00000000,0.00000000,1.00000000
0081,track,1,0.03672720,-0.01512381,0.50132841,0.00804922,-0.01862972,-0.00142163,0.99979305,0.99930191,0.00254279,-0.03727463,0.03672720,-0.00314254,0.99986643,-0.01604214,-0.01512381,0.03722886,0.01614808,0.99917638,0.50132841,0.00000000,0.00000000,0.00000000,1.00000000
0082,track,1,0.03674835,-0.01511582,0.50138140,0.00805448,-0.01860395,-0.00142550,0.99979347,0.99930370,0.00255082,-0.03722318,0.03674835,-0.00315001,0.99986607,-0.01605259,-0.01511582,0.03717726,0.01615867,0.99917811,0.50138140,0.00000000,0.00000000,0.00000000,1.00000000
0083,track,1,0.03668798,-0.01510844,0.50144851,0.00805971,-0.01867056,-0.00142944,0.99979216,0.99929893,0.00255731,-0.03735641,0.03668798,-0.00315925,0.99986613,-0.01606269,-0.01510844,0.03731033,0.01616944,0.99917305,0.50144851,0.00000000,0.00000000,0.00000000,1.00000000
0084,track,1,0.03658390,-0.01510328,0.50153852,0.00806647,-0.01878908,-0.00143493,0.99978995,0.99928987,0.00256616,-0.03759341,0.03658390,-0.00317234,0.99986571,-0.01607564,-0.01510328,0.03754711,0.01618347,0.99916393,0.50153852,0.00000000,0.00000000,0.00000000,1.00000000
0085,track,1,0.03644256,-0.01510624,0.50167590,0.00807611,-0.01896372,-0.00143929,0.99978656,0.99927652,0.00257158,-0.03794248,0.03644256,-0.00318435,0.99986553,-0.01609413,-0.01510624,0.03789619,0.01620340,0.99915028,0.50167590,0.00000000,0.00000000,0.00000000,1.00000000
0086,track,1,0.03619324,-0.01513159,0.50193638,0.00809174,-0.01931838,-0.00143945,0.99977964,0.99924940,0.00256562,-0.03865147,0.03619324,-0.00319090,0.99986494,-0.01612425,-0.01513159,0.03860501,0.01623556,0.99912256,0.50193638,0.00000000,0.00000000,0.00000000,1.00000000
0087,track,1,0.03602460,-0.01519477,0.50236470,0.00811818,-0.01965508,-0.00147302,0.99977279,0.99922299,0.00262624,-0.03932511,0.03602460,-0.00326449,0.99986386,-0.01617472,-0.01519477,0.03927737,0.01629061,0.99909544,0.50236470,0.00000000,0.00000000,0.00000000,1.00000000
0088,track,1,0.03609409,-0.01528763,0.50338048,0.00811361,-0.02005372,-0.00160800,0.99976474,0.99919057,0.00288986,-0.04012403,0.03609409,-0.00354064,0.99986327,-0.01615888,-0.01528763,0.04007199,0.01628792,0.99906409,0.50338048,0.00000000,0.00000000,0.00000000,1.00000000
0089,track,1,0.03687458,-0.01562401,0.50497568,0.00819267,-0.02009741,-0.00183990,0.99976277,0.99918532,0.00334956,-0.04021542,0.03687458,-0.00400830,0.99985904,-0.01630750,-0.01562401,0.04015515,0.01645540,0.99905795,0.50497568,0.00000000,0.00000000,0.00000000,1.00000000
0090,track,1,0.03737308,-0.01536904,0.50646025,0.00790429,-0.02011978,-0.00201993,0.99976426,0.99918240,0.00372088,-0.04026200,0.03737308,-0.00435692,0.99986696,-0.01572357,-0.01536904,0.04019815,0.01588613,0.99906570,0.50646025,0.00000000,0.00000000,0.00000000,1.00000000
0091,track,1,0.03790854,-0.01542493,0.50803071,0.00777410,-0.02019066,-0.00216118,0.99976361,0.99917537,0.00400737,-0.04040536,0.03790854,-0.00463530,0.99986988,-0.01545725,-0.01542493,0.04033821,0.01563181,0.99906355,0.50803071,0.00000000,0.00000000,0.00000000,1.00000000
0092,track,1,0.03825563,-0.01571859,0.50946790,0.00780638,-0.02039383,-0.00225337,0.99975902,0.99915802,0.00418726,-0.04081302,0.03825563,-0.00482404,0.99986780,-0.01551710,-0.01571859,0.04074264,0.01570091,0.99904615,0.50946790,0.00000000,0.00000000,0.00000000,1.00000000
0093,track,1,0.03874679,-0.01575463,0.51075363,0.00777167,-0.02045851,-0.00244879,0.99975753,0.99915087,0.00457833,-0.04094514,0.03874679,-0.00521445,0.99986744,-0.01543939,-0.01575463,0.04086906,0.01563977,0.99904209,0.51075363,0.00000000,0.00000000,0.00000000,1.00000000
0094,track,1,0.03900583,-0.01545096,0.51190341,0.00753977,-0.02061964,-0.00258535,0.99975568,0.99913645,0.00485846,-0.04126814,0.03900583,-0.00548041,0.99987304,-0.01496918,-0.01545096,0.04119027,0.01518252,0.99903613,0.51190341,0.00000000,0.00000000,0.00000000,1.00000000
0095,track,1,0.04007431,-0.01542693,0.51258600,0.00747260,-0.01999019,-0.00263944,0.99976879,0.99918687,0.00497887,-0.04001061,0.04007431,-0.00557646,0.99987453,-0.01483624,-0.01542693,0.03993167,0.01504727,0.99908906,0.51258600,0.00000000,0.00000000,0.00000000,1.00000000
0096,track,1,0.04047945,-0.01539293,0.51296955,0.00744076,-0.01963678,-0.00265667,0.99977601,0.99921465,0.00501990,-0.03930432,0.04047945,-0.00560439,0.99987525,-0.01477383,-0.01539293,0.03922523,0.01498256,0.99911809,0.51296955,0.00000000,0.00000000,0.00000000,1.00000000
0097,track,1,0.04073771,-0.01540093,0.51321697,0.00744347,-0.01943323,-0.00266797,0.99977988,0.99923044,0.00504547,-0.03889762,0.04073771,-0.00562406,0.99987489,-0.01477996,-0.01540093,0.03881819,0.01498735,0.99913388,0.51321697,0.00000000,0.00000000,0.00000000,1.00000000
0098,track,1,0.04089626,-0.01540320,0.51344538,0.00744609,-0.01933053,-0.00267800,0.99978191,0.99923837,0.00506693,-0.03869250,0.04089626,-0.00564271,0.99987489,-0.01478540,-0.01540320,0.03861275,0.01499246,0.99914193,0.51344538,0.00000000,0.00000000,0.00000000,1.00000000
0099,track,1,0.04100754,-0.01540828,0.51365578,0.00744924,-0.01927769,-0.00268710,0.99978286,0.99924242,0.00508595,-0.03858704,0.04100754,-0.00566012,0.99987447,-0.01479165,-0.01540828,0.03850696,0.01499884,0.99914593,0.51365578,0.00000000,0.00000000,0.00000000,1.00000000
0100,track,1,0.04108483,-0.01541090,0.51385975,0.00745059,-0.01926106,-0.00269686,0.99978310,0.99924350,0.00510550,-0.03855395,0.04108483,-0.00567961,0.99987453,-0.01479406,-0.01541090,0.03847358,0.01500183,0.99914706,0.51385975,0.00000000,0.00000000,0.00000000,1.00000000
0101,track,1,0.04111091,-0.01541271,0.51406825,0.00745160,-0.01930000,-0.00270654,0.99978232,0.99924028,0.00512430,-0.03863195,0.04111091,-0.00569949,0.99987423,-0.01479554,-0.01541271,0.03855126,0.01500439,0.99914390,0.51406825,0.00000000,0.00000000,0.00000000,1.00000000
0102,track,1,0.04113956,-0.01541515,0.51427776,0.00745286,-0.01933672,-0.00271637,0.99978161,0.99923754,0.00514340,-0.03870549,0.04113956,-0.00571969,0.99987411,-0.01479742,-0.01541515,0.03862451,0.01500753,0.99914128,0.51427776,0.00000000,0.00000000,0.00000000,1.00000000
0103,track,1,0.04116479,-0.01541686,0.51448888,0.00745394,-0.01937733,-0.00272597,0.99978071,0.99923432,0.00516184,-0.03878681,0.04116479,-0.00573964,0.99987423,-0.01479896,-0.01541686,0.03870553,0.01501025,0.99913824,0.51448888,0.00000000,0.00000000,0.00000000,1.00000000
0104,track,1,0.04116286,-0.01541759,0.51471740,0.00745486,-0.01944990,-0.00273432,0.99977934,0.99922854,0.00517745,-0.03893198,0.04116286,-0.00575741,0.99987388,-0.01480007,-0.01541759,0.03885044,0.01501280,0.99913228,0.51471740,0.00000000,0.00000000,0.00000000,1.00000000
0105,track,1,0.04108941,-0.01541894,0.51499671,0.00745823,-0.01960939,-0.00274166,0.99977618,0.99921584,0.00518960,-0.03925088,0.04108941,-0.00577457,0.99987358,-0.01480560,-0.01541894,0.03916913,0.01502064,0.99911964,0.51499671,0.00000000,0.00000000,0.00000000,1.00000000
0106,track,1,0.04094435,-0.01542322,0.51540267,0.00746949,-0.01989511,-0.00274635,0.99977046,0.99919337,0.00519426,-0.03982216,0.04094435,-0.00578861,0.99987334,-0.01482630,-0.01542322,0.03974003,0.01504480,0.99909687,0.51540267,0.00000000,0.00000000,0.00000000,1.00000000
0107,track,1,0.04055462,-0.01543185,0.51604533,0.00749512,-0.02047228,-0.00272445,0.99975866,0.99914682,0.00514067,-0.04097542,0.04055462,-0.00575451,0.99987274,-0.01487507,-0.01543185,0.04089391,0.01509818,0.99904954,0.51604533,0.00000000,0.00000000,0.00000000,1.00000000
0108,track,1,0.04044637,-0.01549010,0.51699656,0.00756187,-0.02095611,-0.00268724,0.99974817,0.99910736,0.00505625,-0.04194230,0.04044637,-0.00569002,0.99987125,-0.01500732,-0.01549010,0.04186102,0.01523256,0.99900734,0.51699656,0.00000000,0.00000000,0.00000000,1.00000000
0109,track,1,0.04025168,-0.01534569,0.51825684,0.00754277,-0.02153291,-0.00262359,0.99973625,0.99905872,0.00492092,-0.04309406,0.04025168,-0.00557066,0.99987245,-0.01496859,-0.01534569,0.04301486,0.01519455,0.99895906,0.51825684,0.00000000,0.00000000,0.00000000,1.00000000
0110,track,1,0.04114908,-0.01539060,0.51962167,0.00766247,-0.02121117,-0.00252421,0.99974251,0.99908739,0.00472209,-0.04245009,0.04114908,-0.00537214,0.99986970,-0.01521390,-0.01539060,0.04237273,0.01542807,0.99898267,0.51962167,0.00000000,0.00000000,0.00000000,1.00000000
0111,track,1,0.04198477,-0.01534665,0.52090371,0.00770799,-0.02080950,-0.00247315,0.99975073,0.99912155,0.00462428,-0.04164669,0.04198477,-0.00526584,0.99986893,-0.01530924,-0.01534665,0.04157054,0.01551502,0.99901503,0.52090371,0.00000000,0.00000000,0.00000000,1.00000000
0112,track,1,0.04281690,-0.01549753,0.52210075,0.00787156,-0.02034113,-0.00241859,0.99975920,0.99916065,0.00451578,-0.04071053,0.04281690,-0.00515625,0.99986416,-0.01564092,-0.01549753,0.04063439,0.01583771,0.99904835,0.52210075,0.00000000,0.00000000,0.00000000,1.00000000
0113,track,1,0.04364697,-0.01550851,0.52325290,0.00794048,-0.01982286,-0.00235213,0.99976927,0.99920326,0.00438842,-0.03967393,0.04364697,-0.00501794,0.99986291,-0.01578403,-0.01550851,0.03959922,0.01597057,0.99908805,0.52325290,0.00000000,0.00000000,0.00000000,1.00000000
0114,track,1,0.04431072,-0.01546680,0.52442610,0.00799157,-0.01935302,-0.00230254,0.99977815,0.99924046,0.00429481,-0.03873426,0.04431072,-0.00491330,0.99986166,-0.01589047,-0.01546680,0.03866066,0.01606871,0.99912339,0.52442610,0.00000000,0.00000000,0.00000000,1.00000000
0115,track,1,0.04490024,-0.01546692,0.52502733,0.00801175,-0.01896872,-0.00229078,0.99978536,0.99926996,0.00427666,-0.03796600,0.04490024,-0.00488448,0.99986118,-0.01593316,-0.01546692,0.03789258,0.01610698,0.99915195,0.52502733,0.00000000,0.00000000,0.00000000,1.00000000
0116,track,1,0.04516394,-0.01549816,0.52548605,0.00804388,-0.01883997,-0.00229242,0.99978757,0.99927980,0.00428084,-0.03770883,0.04516394,-0.00488690,0.99986023,-0.01599797,-0.01549816,0.03763507,0.01617072,0.99916077,0.52548605,0.00000000,0.00000000,0.00000000,1.00000000
0117,track,1,0.04531524,-0.01555028,0.52584672,0.00808662,-0.01879500,-0.00230188,0.99978799,0.99928284,0.00429880,-0.03761926,0.04531524,-0.00490679,0.99985862,-0.01608329,-0.01555028,0.03754480,0.01625634,0.99916267,0.52584672,0.00000000,0.00000000,0.00000000,1.00000000
0118,track,1,0.04542223,-0.01556890,0.52617359,0.00810506,-0.01878624,-0.00231066,0.99978805,0.99928355,0.00431579,-0.03760198,0.04542223,-0.00492489,0.99985802,-0.01611986,-0.01556890,0.03752707,0.01629350,0.99916285,0.52617359,0.00000000,0.00000000,0.00000000,1.00000000
0119,track,1,0.04552989,-0.01559255,0.52650410,0.00812702,-0.01877611,-0.00231964,0.99978799,0.99928415,0.00433311,-0.03758197,0.04552989,-0.00494349,0.99985707,-0.01616349,-0.01559255,0.03750656,0.01633770,0.99916273,0.52650410,0.00000000,0.00000000,0.00000000,1.00000000
0120,track,1,0.04563892,-0.01562291,0.52683765,0.00815461,-0.01876412,-0.00232932,0.99978799,0.99928474,0.00435162,-0.03755827,0.04563892,-0.00496370,0.99985594,-0.01621832,-0.01562291,0.03748229,0.01639318,0.99916273,0.52683765,0.00000000,0.00000000,0.00000000,1.00000000
0121,track,1,0.04574898,-0.01565949,0.52717471,0.00818772,-0.01875087,-0.00234005,0.99978799,0.99928594,0.00437212,-0.03753209,0.04574898,-0.00498611,0.99985498,-0.01628420,-0.01565949,0.03745550,0.01645973,0.99916291,0.52717471,0.00000000,0.00000000,0.00000000,1.00000000
0122,track,1,0.04585884,-0.01570254,0.52751666,0.00822741,-0.01873705,-0.00235044,0.99978787,0.99928689,0.00439160,-0.03750483,0.04585884,-0.00500817,0.99985361,-0.01636324,-0.01570254,0.03742747,0.01653940,0.99916250,0.52751666,0.00000000,0.00000000,0.00000000,1.00000000
0123,track,1,0.04596809,-0.01570221,0.52790540,0.00822972,-0.01872646,-0.00234949,0.99978805,0.99928761,0.00438976,-0.03748379,0.04596809,-0.00500622,0.99985361,-0.01636798,-0.01570221,0.03740618,0.01654393,0.99916315,0.52790540,0.00000000,0.00000000,0.00000000,1.00000000
0124,track,1,0.04607425,-0.01569405,0.52824938,0.00821274,-0.01871487,-0.00234648,0.99978840,0.99928838,0.00438455,-0.03746037,0.04607425,-0.00499940,0.99985397,-0.01633419,-0.01569405,0.03738327,0.01650982,0.99916452,0.52824938,0.00000000,0.00000000,0.00000000,1.00000000
0125,track,1,0.04618120,-0.01568752,0.52859300,0.00819703,-0.01870184,-0.00234332,0.99978876,0.99928951,0.00437903,-0.03743420,0.04618120,-0.00499228,0.99985468,-0.01630297,-0.01568752,0.03735738,0.01647823,0.99916601,0.52859300,0.00000000,0.00000000,0.00000000,1.00000000
0126,track,1,0.04628920,-0.01567788,0.52893740,0.00818109,-0.01868552,-0.00234178,0.99978924,0.99929082,0.00437680,-0.03740148,0.04628920,-0.00498834,0.99985528,-0.01627122,-0.01567788,0.03732485,0.01644625,0.99916780,0.52893740,0.00000000,0.00000000,0.00000000,1.00000000
0127,track,1,0.04639802,-0.01566369,0.52928638,0.00816305,-0.01866583,-0.00234103,0.99978977,0.99929231,0.00437638,-0.03736204,0.04639802,-0.00498578,0.99985588,-0.01623528,-0.01566369,0.03728560,0.01641007,0.99916995,0.52928638,0.00000000,0.00000000,0.00000000,1.00000000
0128,track,1,0.04650736,-0.01565206,0.52963364,0.00814615,-0.01864421,-0.00234099,0.99979025,0.99929380,0.00437719,-0.03731874,0.04650736,-0.00498480,0.99985629,-0.01620160,-0.01565206,0.03724245,0.01637618,0.99917221,0.52963364,0.00000000,0.00000000,0.00000000,1.00000000
0129,track,1,0.04661776,-0.01564935,0.52998132,0.00813557,-0.01861968,-0.00234221,0.99979079,0.99929559,0.00438046,-0.03726968,0.04661776,-0.00498641,0.99985665,-0.01618052,-0.01564935,0.03719346,0.01635495,0.99917412,0.52998132,0.00000000,0.00000000,0.00000000,1.00000000
0130,track,1,0.04672850,-0.01565770,0.53033030,0.00812961,-0.01859350,-0.00234528,0.99979132,0.99929756,0.00438723,-0.03721738,0.04672850,-0.00499195,0.99985695,-0.01616861,-0.01565770,0.03714111,0.01634303,0.99917638,0.53033030,0.00000000,0.00000000,0.00000000,1.00000000
0131,track,1,0.04683821,-0.01566734,0.53068066,0.00812514,-0.01856773,-0.00234873,0.99979180,0.99929965,0.00439477,-0.03716591,0.04683821,-0.00499818,0.99985695,-0.01615968,-0.01566734,0.03708958,0.01633412,0.99917859,0.53068066,0.00000000,0.00000000,0.00000000,1.00000000
0132,track,1,0.04694708,-0.01567657,0.53102899,0.00812443,-0.01854526,-0.00235380,0.99979228,0.99930102,0.00440526,-0.03712106,0.04694708,-0.00500798,0.99985695,-0.01615819,-0.01567657,0.03704457,0.01633280,0.99918020,0.53102899,0.00000000,0.00000000,0.00000000,1.00000000
0133,track,1,0.04705860,-0.01567926,0.53137982,0.00812631,-0.01852357,-0.00236065,0.99979264,0.99930251,0.00441927,-0.03707783,0.04705860,-0.00502139,0.99985671,-0.01616180,-0.01567926,0.03700108,0.01633670,0.99918163,0.53137982,0.00000000,0.00000000,0.00000000,1.00000000
0134,track,1,0.04717026,-0.01567968,0.53173232,0.00812896,-0.01850296,-0.00236735,0.99979299,0.99930423,0.00443292,-0.03703674,0.04717026,-0.00503451,0.99985671,-0.01616695,-0.01567968,0.03695976,0.01634216,0.99918318,0.53173232,0.00000000,0.00000000,0.00000000,1.00000000
0135,track,1,0.04728105,-0.01567889,0.53208715,0.00813124,-0.01848252,-0.00237395,0.99979335,0.99930561,0.00444637,-0.03699600,0.04728105,-0.00504748,0.99985653,-0.01617136,-0.01567889,0.03691880,0.01634687,0.99918479,0.53208715,0.00000000,0.00000000,0.00000000,1.00000000
0136,track,1,0.04739306,-0.01567734,0.53244299,0.00813399,-0.01846107,-0.00237991,0.99979365,0.99930716,0.00445855,-0.03695324,0.04739306,-0.00505912,0.99985641,-0.01617675,-0.01567734,0.03687581,0.01635251,0.99918592,0.53244299,0.00000000,0.00000000,0.00000000,1.00000000
0137,track,1,0.04750488,-0.01567829,0.53279966,0.00813792,-0.01843960,-0.00238531,0.99979401,0.99930859,0.00446951,-0.03691043,0.04750488,-0.00506978,0.99985623,-0.01618451,-0.01567829,0.03683279,0.01636046,0.99918753,0.53279966,0.00000000,0.00000000,0.00000000,1.00000000
0138,track,1,0.04761682,-0.01567762,0.53315753,0.00813958,-0.01841752,-0.00239000,0.99979442,0.99931014,0.00447923,-0.03686638,0.04761682,-0.00507882,0.99985600,-0.01618777,-0.01567762,0.03678856,0.01636384,0.99918908,0.53315753,0.00000000,0.00000000,0.00000000,1.00000000
0139,track,1,0.04772905,-0.01567685,0.53351671,0.00814272,-0.01839508,-0.00239496,0.99979478,0.99931157,0.00448936,-0.03682160,0.04772905,-0.00508852,0.99985576,-0.01619399,-0.01567685,0.03674359,0.01637021,0.99919063,0.53351671,0.00000000,0.00000000,0.00000000,1.00000000
0140,track,1,0.04784359,-0.01567707,0.53387380,0.00814532,-0.01836940,-0.00240124,0.99979520,0.99931353,0.00450227,-0.03677039,0.04784359,-0.00510073,0.99985570,-0.01619909,-0.01567707,0.03669216,0.01637553,0.99919242,0.53387380,0.00000000,0.00000000,0.00000000,1.00000000
0141,track,1,0.04796633,-0.01568712,0.53422505,0.00814901,-0.01833423,-0.00240983,0.99979579,0.99931622,0.00451997,-0.03670020,0.04796633,-0.00511739,0.99985540,-0.01620632,-0.01568712,0.03662175,0.01638308,0.99919486,0.53422505,0.00000000,0.00000000,0.00000000,1.00000000
0142,track,1,0.04809264,-0.01568406,0.53457528,0.00815218,-0.01829153,-0.00241606,0.99979657,0.99931931,0.00453299,-0.03661500,0.04809264,-0.00512928,0.99985534,-0.01621265,-0.01568406,0.03653625,0.01638942,0.99919808,0.53457528,0.00000000,0.00000000,0.00000000,1.00000000
0143,track,1,0.04815466,-0.01567974,0.53493404,0.00815535,-0.01832844,-0.00241902,0.99979585,0.99931628,0.00453810,-0.03668887,0.04815466,-0.00513601,0.99985516,-0.01621869,-0.01567974,0.03660990,0.01639605,0.99919510,0.53493404,0.00000000,0.00000000,0.00000000,1.00000000
0144,track,1,0.04823440,-0.01567721,0.53532690,0.00815790,-0.01835794,-0.00242323,0.99979526,0.99931431,0.00454605,-0.03674791,0.04823440,-0.00514489,0.99985504,-0.01622347,-0.01567721,0.03666883,0.01640144,0.99919289,0.53532690,0.00000000,0.00000000,0.00000000,1.00000000
0145,track,1,0.04832631,-0.01566893,0.53573895,0.00816920,-0.01837580,-0.00242763,0.99979490,0.99931300,0.00455409,-0.03678373,0.04832631,-0.00515443,0.99985480,-0.01624584,-0.01566893,0.03670439,0.01642428,0.99919128,0.53573895,0.00000000,0.00000000,0.00000000,1.00000000
0146,track,1,0.04784464,-0.01575537,0.53658354,0.00811894,-0.01854033,-0.00245304,0.99979216,0.99930048,0.00460404,-0.03711279,0.04784464,-0.00520608,0.99985611,-0.01614354,-0.01575537,0.03703313,0.01632546,0.99918067,0.53658354,0.00000000,0.00000000,0.00000000,1.00000000
0147,track,1,0.04756702,-0.01580951,0.53740919,0.00805887,-0.01844034,-0.00249715,0.99979442,0.99930751,0.00469604,-0.03691330,0.04756702,-0.00529051,0.99985778,-0.01602231,-0.01580951,0.03683289,0.01620656,0.99918997,0.53740919,0.00000000,0.00000000,0.00000000,1.00000000
0148,track,1,0.04762459,-0.01580205,0.53783327,0.00805131,-0.01837836,-0.00250725,0.99979556,0.99931186,0.00471750,-0.03678959,0.04762459,-0.00530943,0.99985760,-0.01600716,-0.01580205,0.03670881,0.01619148,0.99919468,0.53783327,0.00000000,0.00000000,0.00000000,1.00000000
0149,track,1,0.04766452,-0.01578775,0.53826922,0.00804626,-0.01834542,-0.00252234,0.99979615,0.99931413,0.00474846,-0.03672396,0.04766452,-0.00533885,0.99985772,-0.01599669,-0.01578775,0.03664276,0.01618180,0.99919730,0.53826922,0.00000000,0.00000000,0.00000000,1.00000000
0150,track,1,0.04773737,-0.01579634,0.53866732,0.00804546,-0.01832477,-0.00253002,0.99979657,0.99931574,0.00476423,-0.03668280,0.04773737,-0.00535378,0.99985772,-0.01599493,-0.01579634,0.03660138,0.01618038,0.99919921,0.53866732,0.00000000,0.00000000,0.00000000,1.00000000
0151,track,1,0.04780576,-0.01579740,0.53904706,0.00804455,-0.01830737,-0.00253816,0.99979681,0.99931705,0.00478068,-0.03664822,0.04780576,-0.00536990,0.99985790,-0.01599294,-0.01579740,0.03656641,0.01617872,0.99920034,0.53904706,0.00000000,0.00000000,0.00000000,1.00000000
0152,track,1,0.04787247,-0.01579876,0.53943646,0.00804670,-0.01829020,-0.00254575,0.99979711,0.99931777,0.00479613,-0.03661392,0.04787247,-0.00538480,0.99985743,-0.01599699,-0.01579876,0.03653202,0.01618326,0.99920166,0.53943646,0.00000000,0.00000000,0.00000000,1.00000000
0153,track,1,0.04793858,-0.01580600,0.53983414,0.00804815,-0.01826199,-0.00255923,0.99979764,0.99931991,0.00482347,-0.03655777,0.04793858,-0.00541138,0.99985731,-0.01599956,-0.01580600,0.03647539,0.01618651,0.99920374,0.53983414,0.00000000,0.00000000,0.00000000,1.00000000
0154,track,1,0.04800488,-0.01581035,0.54022181,0.00804774,-0.01824312,-0.00256889,0.99979788,0.99932140,0.00484316,-0.03652022,0.04800488,-0.00543032,0.99985737,-0.01599851,-0.01581035,0.03643753,0.01618597,0.99920511,0.54022181,0.00000000,0.00000000,0.00000000,1.00000000
0155,track,1,0.04807118,-0.01581494,0.54061186,0.00804632,-0.01822244,-0.00257956,0.99979824,0.99932259,0.00486483,-0.03647906,0.04807118,-0.00545134,0.99985719,-0.01599538,-0.01581494,0.03639600,0.01618341,0.99920636,0.54061186,0.00000000,0.00000000,0.00000000,1.00000000
0156,track,1,0.04814496,-0.01583255,0.54102755,0.00804600,-0.01819042,-0.00258598,0.99979883,0.99932492,0.00487825,-0.03641514,0.04814496,-0.00546357,0.99985713,-0.01599471,-0.01583255,0.03633190,0.01618284,0.99920869,0.54102755,0.00000000,0.00000000,0.00000000,1.00000000
0157,track,1,0.04822175,-0.01585058,0.54140127,0.00804476,-0.01814572,-0.00259631,0.99979961,0.99932802,0.00489968,-0.03632595,0.04822175,-0.00548348,0.99985707,-0.01599205,-0.01585058,0.03624240,0.01618053,0.99921191,0.54140127,0.00000000,0.00000000,0.00000000,1.00000000
0158,track,1,0.04829328,-0.01585076,0.54195452,0.00804754,-0.01813876,-0.00260385,0.99979973,0.99932832,0.00491467,-0.03631216,0.04829328,-0.00549865,0.99985689,-0.01599738,-0.01585076,0.03622833,0.01618631,0.99921238,0.54195452,0.00000000,0.00000000,0.00000000,1.00000000
0159,track,1,0.04835781,-0.01585233,0.54248893,0.00805627,-0.01814754,-0.00260978,0.99979949,0.99932778,0.00492623,-0.03632987,0.04835781,-0.00551081,0.99985647,-0.01601459,-0.01585233,0.03624575,0.01620404,0.99921167,0.54248893,0.00000000,0.00000000,0.00000000,1.00000000
0160,track,1,0.04843280,-0.01585192,0.54304820,0.00806550,-0.01815718,-0.00261514,0.99979919,0.99932700,0.00493637,-0.03634925,0.04843280,-0.00552207,0.99985611,-0.01603283,-0.01585192,0.03626489,0.01622270,0.99921048,0.54304820,0.00000000,0.00000000,0.00000000,1.00000000
0161,track,1,0.04843091,-0.01586580,0.54345572,0.00806623,-0.01820074,-0.00262003,0.99979842,0.99932384,0.00494540,-0.03643641,0.04843091,-0.00553259,0.99985623,-0.01603384,-0.01586580,0.03635188,0.01622459,0.99920732,0.54345572,0.00000000,0.00000000,0.00000000,1.00000000
0162,track,1,0.04845198,-0.01586193,0.54388094,0.00806594,-0.01822316,-0.00262349,0.99979800,0.99932194,0.00495198,-0.03648127,0.04845198,-0.00553986,0.99985600,-0.01603300,-0.01586193,0.03639663,0.01622424,0.99920571,0.54388094,0.00000000,0.00000000,0.00000000,1.00000000
0163,track,1,0.04846470,-0.01585089,0.54434770,0.00806089,-0.01823670,-0.00262642,0.99979776,0.99932104,0.00495774,-0.03650838,0.04846470,-0.00554582,0.99985623,-0.01602271,-0.01585089,0.03642368,0.01621431,0.99920475,0.54434770,0.00000000,0.00000000,0.00000000,1.00000000
0164,track,1,0.04836653,-0.01588912,0.54498422,0.00805090,-0.01824151,-0.00261497,0.99979776,0.99932081,0.00493515,-0.03651776,0.04836653,-0.00552261,0.99985659,-0.01600314,-0.01588912,0.03643353,0.01619396,0.99920481,0.54498422,0.00000000,0.00000000,0.00000000,1.00000000
0165,track,1,0.04839271,-0.01591572,0.54542637,0.00805290,-0.01822688,-0.00261561,0.99979806,0.99932188,0.00493666,-0.03648852,0.04839271,-0.00552367,0.99985653,-0.01600721,-0.01591572,0.03640427,0.01619790,0.99920595,0.54542637,0.00000000,0.00000000,0.00000000,1.00000000
0166,track,1,0.04845123,-0.01592910,0.54584259,0.00805555,-0.01819379,-0.00262123,0.99979860,0.99932426,0.00494832,-0.03642254,0.04845123,-0.00553448,0.99985623,-0.01601246,-0.01592910,0.03633794,0.01620325,0.99920803,0.54584259,0.00000000,0.00000000,0.00000000,1.00000000
0167,track,1,0.04851693,-0.01596660,0.54625678,0.00805908,-0.01815327,-0.00262996,0.99979931,0.99932712,0.00496620,-0.03634164,0.04851693,-0.00555152,0.99985635,-0.01601946,-0.01596660,0.03625687,0.01621038,0.99921107,0.54625678,0.00000000,0.00000000,0.00000000,1.00000000
0168,track,1,0.04859221,-0.01600546,0.54666924,0.00806353,-0.01810251,-0.00263868,0.99980015,0.99933052,0.00498441,-0.03624032,0.04859221,-0.00556822,0.99985576,-0.01602830,-0.01600546,0.03615522,0.01621937,0.99921447,0.54666924,0.00000000,0.00000000,0.00000000,1.00000000
0169,track,1,0.04867511,-0.01603793,0.54708040,0.00806978,-0.01804028,-0.00264666,0.99980122,0.99933517,0.00500112,-0.03611609,0.04867511,-0.00558342,0.99985588,-0.01604084,-0.01603793,0.03603068,0.01623187,0.99921882,0.54708040,0.00000000,0.00000000,0.00000000,1.00000000
0170,track,1,0.04867923,-0.01607114,0.54752767,0.00807489,-0.01809874,-0.00265730,0.99980009,0.99933064,0.00502127,-0.03623317,0.04867923,-0.00560582,0.99985540,-0.01605036,-0.01607114,0.03614733,0.01624274,0.99921447,0.54752767,0.00000000,0.00000000,0.00000000,1.00000000
0171,track,1,0.04868944,-0.01610126,0.54797828,0.00808135,-0.01814497,-0.00266240,0.99979913,0.99932748,0.00503048,-0.03632569,0.04868944,-0.00561699,0.99985534,-0.01606285,-0.01610126,0.03623963,0.01625608,0.99921113,0.54797828,0.00000000,0.00000000,0.00000000,1.00000000
0172,track,1,0.04870412,-0.01613184,0.54843611,0.00808563,-0.01818366,-0.00267074,0.99979842,0.99932444,0.00504635,-0.03640318,0.04870412,-0.00563447,0.99985498,-0.01607087,-0.01613184,0.03631681,0.01626512,0.99920797,0.54843611,0.00000000,0.00000000,0.00000000,1.00000000
0173,track,1,0.04872614,-0.01615917,0.54891038,0.00808832,-0.01821162,-0.00267803,0.99979788,0.99932230,0.00506032,-0.03645921,0.04872614,-0.00564966,0.99985486,-0.01607588,-0.01615917,0.03637254,0.01627085,0.99920583,0.54891038,0.00000000,0.00000000,0.00000000,1.00000000
0174,track,1,0.04861150,-0.01620988,0.54950321,0.00808134,-0.01827917,-0.00269483,0.99979663,0.99931723,0.00509307,-0.03659441,0.04861150,-0.00568405,0.99985492,-0.01606087,-0.01620988,0.03650741,0.01625793,0.99920106,0.54950321,0.00000000,0.00000000,0.00000000,1.00000000
0175,track,1,0.04833775,-0.01628458,0.55011153,0.00806362,-0.01838596,-0.00267956,0.99979490,0.99930936,0.00506151,-0.03680759,0.04833775,-0.00565452,0.99985540,-0.01602541,-0.01628458,0.03672116,0.01622245,0.99919391,0.55011153,0.00000000,0.00000000,0.00000000,1.00000000
0176,track,1,0.04783165,-0.01647372,0.55100638,0.00800820,-0.01833770,-0.00267947,0.99979621,0.99931324,0.00506416,-0.03671085,0.04783165,-0.00565153,0.99985749,-0.01591486,-0.01647372,0.03662502,0.01611140,0.99919909,0.55100638,0.00000000,0.00000000,0.00000000,1.00000000
0177,track,1,0.04762888,-0.01657229,0.55162710,0.00799079,-0.01823636,-0.00269464,0.99979812,0.99932039,0.00509682,-0.03650841,0.04762888,-0.00567958,0.99985760,-0.01588009,-0.01657229,0.03642228,0.01607663,0.99920708,0.55162710,0.00000000,0.00000000,0.00000000,1.00000000
0178,track,1,0.04755173,-0.01662574,0.55216855,0.00797336,-0.01814570,-0.00272439,0.99979985,0.99932671,0.00515833,-0.03632759,0.04755173,-0.00573704,0.99985802,-0.01584466,-0.01662574,0.03624070,0.01604240,0.99921429,0.55216855,0.00000000,0.00000000,0.00000000,1.00000000
0179,track,1,0.04758087,-0.01663747,0.55260289,0.00796823,-0.01811224,-0.00273736,0.99980050,0.99932897,0.00518498,-0.03626087,0.04758087,-0.00576228,0.99985814,-0.01583412,-0.01663747,0.03617364,0.01603244,0.99921715,0.55260289,0.00000000,0.00000000,0.00000000,1.00000000
0180,track,1,0.04763025,-0.01665209,0.55303222,0.00796520,-0.01805887,-0.00274559,0.99980146,0.99933267,0.00520241,-0.03615430,0.04763025,-0.00577775,0.99985796,-0.01582809,-0.01665209,0.03606684,0.01602636,0.99922067,0.55303222,0.00000000,0.00000000,0.00000000,1.00000000
0181,track,1,0.04768872,-0.01667236,0.55346346,0.00795797,-0.01799419,-0.00275725,0.99980265,0.99933702,0.00522707,-0.03602514,0.04768872,-0.00579976,0.99985772,-0.01581356,-0.01667236,0.03593738,0.01601202,0.99922580,0.55346346,0.00000000,0.00000000,0.00000000,1.00000000
0182,track,1,0.04774370,-0.01671244,0.55389839,0.00795945,-0.01793267,-0.00276829,0.99980372,0.99934161,0.00525004,-0.03590237,0.04774370,-0.00582096,0.99985802,-0.01581649,-0.01671244,0.03581424,0.01601504,0.99923009,0.55389839,0.00000000,0.00000000,0.00000000,1.00000000
0183,track,1,0.04780078,-0.01675320,0.55432743,0.00795703,-0.01786827,-0.00278400,0.99980485,0.99934614,0.00528258,-0.03577388,0.04780078,-0.00585124,0.99985802,-0.01581146,-0.01675320,0.03568527,0.01601044,0.99923462,0.55432743,0.00000000,0.00000000,0.00000000,1.00000000
0184,track,1,0.04786114,-0.01679883,0.55475116,0.00795642,-0.01779898,-0.00279879,0.99980605,0.99935061,0.00531329,-0.03563558,0.04786114,-0.00587969,0.99985743,-0.01581013,-0.01679883,0.03554651,0.01600939,0.99923962,0.55475116,0.00000000,0.00000000,0.00000000,1.00000000
0185,track,1,0.04792338,-0.01683897,0.55517995,0.00795593,-0.01772838,-0.00281495,0.99980730,0.99935579,0.00534680,-0.03549470,0.04792338,-0.00591084,0.99985766,-0.01580896,-0.01683897,0.03540514,0.01600861,0.99924481,0.55517995,0.00000000,0.00000000,0.00000000,1.00000000
0186,track,1,0.04793103,-0.01684494,0.55575949,0.00796908,-0.01775681,-0.00282008,0.99980658,0.99935347,0.00535602,-0.03555170,0.04793103,-0.00592213,0.99985713,-0.01583493,-0.01684494,0.03546181,0.01603523,0.99924242,0.55575949,0.00000000,0.00000000,0.00000000,1.00000000
0187,track,1,0.04788311,-0.01687142,0.55620986,0.00796608,-0.01782539,-0.00282393,0.99980539,0.99934852,0.00536278,-0.03568884,0.04788311,-0.00593075,0.99985707,-0.01582839,-0.01687142,0.03559884,0.01602971,0.99923748,0.55620986,0.00000000,0.00000000,0.00000000,1.00000000
0188,track,1,0.04783652,-0.01689525,0.55667502,0.00796652,-0.01789121,-0.00282971,0.99980420,0.99934363,0.00537327,-0.03582036,0.04783652,-0.00594337,0.99985689,-0.01582864,-0.01689525,0.03573045,0.01603119,0.99923289,0.55667502,0.00000000,0.00000000,0.00000000,1.00000000
0189,track,1,0.04755716,-0.01682785,0.55749142,0.00794795,-0.01811637,-0.00282416,0.99980032,0.99932766,0.00535923,-0.03627039,0.04755716,-0.00593516,0.99985766,-0.01579043,-0.01682785,0.03618063,0.01599501,0.99921721,0.55749142,0.00000000,0.00000000,0.00000000,1.00000000
0190,track,1,0.04702096,-0.01652661,0.55903745,0.00786986,-0.01848796,-0.00275213,0.99979436,0.99930131,0.00521210,-0.03701163,0.04702096,-0.00579417,0.99986112,-0.01563473,-0.01652661,0.03692499,0.01583825,0.99919254,0.55903745,0.00000000,0.00000000,0.00000000,1.00000000
0191,track,1,0.04647038,-0.01568712,0.56215423,0.00759593,-0.01864516,-0.00264160,0.99979383,0.99929076,0.00499888,-0.03732274,0.04647038,-0.00556535,0.99987054,-0.01509023,-0.01568712,0.03724250,0.01528722,0.99918932,0.56215423,0.00000000,0.00000000,0.00000000,1.00000000
0192,track,1,0.04680327,-0.01520379,0.56379694,0.00740449,-0.01824328,-0.00254640,0.99980289,0.99932122,0.00482159,-0.03651708,0.04680327,-0.00536199,0.99987721,-0.01471313,-0.01520379,0.03644165,0.01489900,0.99922478,0.56379694,0.00000000,0.00000000,0.00000000,1.00000000
0193,track,1,0.04703716,-0.01507199,0.56459045,0.00735363,-0.01803060,-0.00252511,0.99980724,0.99933720,0.00478408,-0.03609139,0.04703716,-0.00531441,0.99987918,-0.01461334,-0.01507199,0.03601710,0.01479552,0.99924165,0.56459045,0.00000000,0.00000000,0.00000000,1.00000000
0194,track,1,0.04715599,-0.01505542,0.56513280,0.00734592,-0.01794879,-0.00252804,0.99980879,0.99934304,0.00479141,-0.03592787,0.04715599,-0.00531882,0.99987948,-0.01459827,-0.01505542,0.03585357,0.01477978,0.99924797,0.56513280,0.00000000,0.00000000,0.00000000,1.00000000
0195,track,1,0.04727115,-0.01506359,0.56562102,0.00734237,-0.01787295,-0.00253242,0.99981010,0.99934834,0.00480148,-0.03577630,0.04727115,-0.00532627,0.99987924,-0.01459143,-0.01506359,0.03570193,0.01477248,0.99925339,0.56562102,0.00000000,0.00000000,0.00000000,1.00000000
0196,track,1,0.04739445,-0.01505829,0.56631166,0.00734270,-0.01783983,-0.00253301,0.99981064,0.99935073,0.00480303,-0.03571005,0.04739445,-0.00532708,0.99987948,-0.01459219,-0.01505829,0.03563576,0.01477304,0.99925578,0.56631166,0.00000000,0.00000000,0.00000000,1.00000000
0197,track,1,0.04737128,-0.01508726,0.56682897,0.00734260,-0.01791345,-0.00252723,0.99980938,0.99934542,0.00479043,-0.03585718,0.04737128,-0.00531654,0.99987936,-0.01459187,-0.01508726,0.03578296,0.01477295,0.99925041,0.56682897,0.00000000,0.00000000,0.00000000,1.00000000
0198,track,1,0.04736061,-0.01512538,0.56734645,0.00734001,-0.01798282,-0.00252662,0.99980819,0.99934053,0.00478831,-0.03599581,0.04736061,-0.00531623,0.99987942,-0.01458633,-0.01512538,0.03592166,0.01476809,0.99924552,0.56734645,0.00000000,0.00000000,0.00000000,1.00000000
0199,track,1,0.04734768,-0.01516838,0.56787139,0.00733836,-0.01805241,-0.00252463,0.99980694,0.99933553,0.00478337,-0.03613491,0.04734768,-0.00531319,0.99987948,-0.01458274,-0.01516838,0.03606080,0.01476504,0.99924064,0.56787139,0.00000000,0.00000000,0.00000000,1.00000000
0200,track,1,0.04733849,-0.01522347,0.56839430,0.00733334,-0.01812271,-0.00253219,0.99980569,0.99933028,0.00479761,-0.03627549,0.04733849,-0.00532919,0.99987960,-0.01457205,-0.01522347,0.03620125,0.01475561,0.99923545,0.56839430,0.00000000,0.00000000,0.00000000,1.00000000
0201,track,1,0.04733193,-0.01526625,0.56891912,0.00732755,-0.01819123,-0.00253152,0.99980450,0.99932539,0.00479552,-0.03641244,0.04733193,-0.00532860,0.99987966,-0.01456012,-0.01526625,0.03633824,0.01474433,0.99923062,0.56891912,0.00000000,0.00000000,0.00000000,1.00000000
0202,track,1,0.04732130,-0.01530094,0.56942797,0.00732278,-0.01825991,-0.00253000,0.99980325,0.99932003,0.00479157,-0.03654966,0.04732130,-0.00532643,0.99987960,-0.01455027,-0.01530094,0.03647560,0.01473507,0.99922574,0.56942797,0.00000000,0.00000000,0.00000000,1.00000000
0203,track,1,0.04736989,-0.01528279,0.57011074,0.00732669,-0.01827706,-0.00252521,0.99980295,0.99931920,0.00478157,-0.03658389,0.04736989,-0.00531728,0.99987990,-0.01455819,-0.01528279,0.03650993,0.01474279,0.99922460,0.57011074,0.00000000,0.00000000,0.00000000,1.00000000
0204,track,1,0.04707107,-0.01311360,0.57314199,0.00670815,-0.01865120,-0.00237741,0.99980080,0.99929297,0.00450361,-0.03732688,0.04707107,-0.00500412,0.99989891,-0.01332495,-0.01311360,0.03726308,0.01350231,0.99921435,0.57314199,0.00000000,0.00000000,0.00000000,1.00000000
0205,track,1,0.04625437,-0.01326855,0.57399708,0.00646718,-0.01777766,-0.00248177,0.99981803,0.99935567,0.00473270,-0.03558094,0.04625437,-0.00519258,0.99990416,-0.01284376,-0.01326855,0.03551674,0.01302024,0.99928427,0.57399708,0.00000000,0.00000000,0.00000000,1.00000000
0206,track,1,0.04635334,-0.01346111,0.57472521,0.00641101,-0.01722815,-0.00266392,0.99982750,0.99939227,0.00510606,-0.03448451,0.04635334,-0.00554776,0.99990368,-0.01272803,-0.01346111,0.03441621,0.01291161,0.99932438,0.57472521,0.00000000,0.00000000,0.00000000,1.00000000
0207,track,1,0.04641088,-0.01346982,0.57524294,0.00639528,-0.01715134,-0.00267577,0.99982893,0.99939752,0.00513124,-0.03433103,0.04641088,-0.00556999,0.99990410,-0.01269659,-0.01346982,0.03426258,0.01288016,0.99932998,0.57524294,0.00000000,0.00000000,0.00000000,1.00000000
0208,track,1,0.04646111,-0.01345089,0.57606679,0.00640578,-0.01717104,-0.00268287,0.99982846,0.99939585,0.00514485,-0.03437053,0.04646111,-0.00558478,0.99990338,-0.01271719,-0.01345089,0.03430185,0.01290154,0.99932820,0.57606679,0.00000000,0.00000000,0.00000000,1.00000000
0209,track,1,0.04636914,-0.01347471,0.57657516,0.00639263,-0.01724137,-0.00268206,0.99982733,0.99939108,0.00514278,-0.03451107,0.04636914,-0.00558361,0.99990386,-0.01269054,-0.01347471,0.03444250,0.01287558,0.99932367,0.57657516,0.00000000,0.00000000,0.00000000,1.00000000
0210,track,1,0.04588588,-0.01373057,0.57720149,0.00633038,-0.01756763,-0.00267935,0.99982202,0.99936807,0.00513525,-0.03516296,0.04588588,-0.00558024,0.99990529,-0.01256432,-0.01373057,0.03509505,0.01275270,0.99930251,0.57720149,0.00000000,0.00000000,0.00000000,1.00000000
0211,track,1,0.04381328,-0.01337033,0.57899392,0.00551627,-0.01909859,-0.00204619,0.99980026,0.99926233,0.00388089,-0.03821215,0.04381328,-0.00430223,0.99993086,-0.01095218,-0.01337033,0.03816698,0.01110850,0.99920982,0.57899392,0.00000000,0.00000000,0.00000000,1.00000000
0212,track,1,0.04544232,-0.01604363,0.58005196,0.00539071,-0.01870190,-0.00097371,0.99981016,0.99929875,0.00174537,-0.03740719,0.04544232,-0.00214872,0.99994016,-0.01074295,-0.01604363,0.03738619,0.01081578,0.99924248,0.58005196,0.00000000,0.00000000,0.00000000,1.00000000
0213,track,1,0.04749793,-0.01585315,0.58088064,0.00524039,-0.01758191,-0.00074057,0.99983144,0.99938077,0.00129670,-0.03516566,0.04749793,-0.00166509,0.99994385,-0.01045297,-0.01585315,0.03515012,0.01050506,0.99932683,0.58088064,0.00000000,0.00000000,0.00000000,1.00000000
0214,track,1,0.05029267,-0.01558381,0.58183122,0.00507125,-0.01585145,-0.00061629,0.99986130,0.99949682,0.00107172,-0.03170475,0.05029267,-0.00139311,0.99994773,-0.01012156,-0.01558381,0.03169225,0.01016064,0.99944592,0.58183122,0.00000000,0.00000000,0.00000000,1.00000000
0215,track,1,0.05306854,-0.01545099,0.58291322,0.00498373,-0.01402652,-0.00039187,0.99988914,0.99960625,0.00064387,-0.02805385,0.05306854,-0.00092343,0.99994999,-0.00995535,-0.01545099,0.02804603,0.00997734,0.99955684,0.58291322,0.00000000,0.00000000,0.00000000,1.00000000
0216,track,1,0.05665222,-0.01571869,0.58377570,0.00492825,-0.01146492,-0.00012633,0.99992216,0.99973702,0.00013959,-0.02292929,0.05665222,-0.00036567,0.99995136,-0.00985284,-0.01571869,0.02292680,0.00985864,0.99968851,0.58377570,0.00000000,0.00000000,0.00000000,1.00000000
0217,track,1,0.06090105,-0.01558755,0.58427536,0.00455999,-0.00811748,0.00014657,0.99995667,0.99986821,-0.00036712,-0.01623292,0.06090105,0.00021912,0.99995840,-0.00912198,-0.01558755,0.01623558,0.00911719,0.99982655,0.58427536,0.00000000,0.00000000,0.00000000,1.00000000
0218,track,1,0.06438483,-0.01547233,0.58481902,0.00424824,-0.00502767,0.00050841,0.99997824,0.99994916,-0.00105955,-0.01005081,0.06438483,0.00097404,0.99996352,-0.00850139,-0.01547233,0.01005943,0.00849119,0.99991345,0.58481902,0.00000000,0.00000000,0.00000000,1.00000000
0219,track,1,0.06727312,-0.01495937,0.58544737,0.00366308,-0.00236432,0.00089882,0.99999017,0.99998742,-0.00181496,-0.00472201,0.06727312,0.00178029,0.99997181,-0.00733034,-0.01495937,0.00473518,0.00732184,0.99996209,0.58544737,0.00000000,0.00000000,0.00000000,1.00000000
0220,track,1,0.06952374,-0.01494559,0.58590221,0.00342914,0.00002555,0.00119292,0.99999338,0.99999726,-0.00238562,0.00005929,0.06952374,0.00238603,0.99997395,-0.00685818,-0.01494559,-0.00004293,0.00685831,0.99997663,0.58590221,0.00000000,0.00000000,0.00000000,1.00000000
0221,track,1,0.07182720,-0.01430847,0.58621800,0.00302316,0.00255090,0.00148841,0.99999106,0.99998230,-0.00296131,0.00511079,0.07182720,0.00299228,0.99997699,-0.00603867,-0.01430847,-0.00509273,0.00605386,0.99996835,0.58621800,0.00000000,0.00000000,0.00000000,1.00000000
