frame_index,mode,stamp_sec,stamp_nanosec,frame_id,visualization_path,tx,ty,tz,qx,qy,qz,qw,rot_x_deg,rot_y_deg,rot_z_deg,delta_rot_x_deg,delta_rot_y_deg,delta_rot_z_deg,m00,m01,m02,m03,m10,m11,m12,m13,m20,m21,m22,m23,m30,m31,m32,m33
0,register,1784531420,730721435,camera_color_optical_frame,/home/bit/ffs+fp+sam/fp/stereo_tracker_fast_outputs/visualization/000000.png,0.01240595,-0.04353735,0.47992569,0.69153279,-0.09410664,-0.10233320,0.70884013,88.51853180,0.46527126,-15.97634411,0.00000000,0.00000000,0.00000000,0.96134371,0.01492012,-0.27494663,0.01240595,-0.27523136,0.02262058,-0.96111184,-0.04353735,-0.00812043,0.99963260,0.02585267,0.47992569,-0.00000000,0.00000000,0.00000000,1.00000000
1,track,1784531423,163730662,camera_color_optical_frame,/home/bit/ffs+fp+sam/fp/stereo_tracker_fast_outputs/visualization/000001.png,0.01595611,-0.04585968,0.47768313,0.69208217,-0.09104639,-0.10974848,0.70759320,88.54037476,1.32149100,-16.34452629,0.03019297,-0.34582505,-0.86547440,0.95933157,0.02929141,-0.28075752,0.01595611,-0.28133765,0.01795511,-0.95944089,-0.04585968,-0.02306232,0.99940938,0.02546571,0.47768313,-0.00000000,0.00000000,0.00000000,1.00000000
2,track,1784531423,180324208,camera_color_optical_frame,/home/bit/ffs+fp+sam/fp/stereo_tracker_fast_outputs/visualization/000002.png,0.01614733,-0.04579194,0.47783062,0.69115937,-0.08709445,-0.10777678,0.70929360,88.31319427,1.45723343,-15.86498737,-0.23933218,0.48268718,-0.12353670,0.96159738,0.03249848,-0.27253291,0.01614733,-0.27328303,0.02136579,-0.96169645,-0.04579194,-0.02543078,0.99924314,0.02942663,0.47783062,-0.00000000,0.00000000,0.00000000,1.00000000
3,track,1784531423,280259989,camera_color_optical_frame,/home/bit/ffs+fp+sam/fp/stereo_tracker_fast_outputs/visualization/000003.png,0.01609391,-0.04568071,0.47792640,0.69242132,-0.08888051,-0.10633825,0.70805734,88.54959106,1.22603834,-15.88666153,0.23685658,-0.02846816,0.23045790,0.96158481,0.02750162,-0.27312672,0.01609391,-0.27367264,0.01848967,-0.96164519,-0.04568071,-0.02139677,0.99945045,0.02530589,0.47792640,-0.00000000,0.00000000,0.00000000,1.00000000
4,track,1784531423,380315732,camera_color_optical_frame,/home/bit/ffs+fp+sam/fp/stereo_tracker_fast_outputs/visualization/000004.png,0.01599106,-0.04553860,0.47783032,0.69324046,-0.08930948,-0.10675040,0.70713919,88.68848419,1.24335682,-15.95399189,0.14036062,-0.06685541,-0.01901718,0.96125627,0.02714887,-0.27431583,0.01599106,-0.27480066,0.01604382,-0.96136731,-0.04553860,-0.02169897,0.99950236,0.02288284,0.47783032,-0.00000000,0.00000000,0.00000000,1.00000000
5,track,1784531423,497112343,camera_color_optical_frame,/home/bit/ffs+fp+sam/fp/stereo_tracker_fast_outputs/visualization/000005.png,0.01613509,-0.04574552,0.47760555,0.69347638,-0.08855895,-0.10644346,0.70704848,88.71067810,1.28359854,-15.86770630,0.02026274,0.08716361,-0.03825808,0.96165413,0.02769426,-0.27286300,0.01613509,-0.27334845,0.01552026,-0.96178973,-0.04574552,-0.02240114,0.99949563,0.02249537,0.47760555,-0.00000000,0.00000000,0.00000000,1.00000000
6,track,1784531423,680433888,camera_color_optical_frame,/home/bit/ffs+fp+sam/fp/stereo_tracker_fast_outputs/visualization/000006.png,0.01617002,-0.04609655,0.47809067,0.69525492,-0.08790921,-0.10635284,0.70539469,88.98065186,1.36739874,-15.80460358,0.26847270,0.06495430,-0.08235947,0.96192205,0.02780283,-0.27190602,0.01617002,-0.27227998,0.01061908,-0.96215928,-0.04609655,-0.02386334,0.99955666,0.01778493,0.47809067,-0.00000000,0.00000000,0.00000000,1.00000000
7,track,1784531423,747003389,camera_color_optical_frame,/home/bit/ffs+fp+sam/fp/stereo_tracker_fast_outputs/visualization/000007.png,0.01650565,-0.04570472,0.47776198,0.69217706,-0.08819117,-0.10680887,0.70831138,88.49678802,1.31377733,-15.87071133,-0.48235041,-0.06702737,0.05243820,0.96162826,0.02922005,-0.27279493,0.01650565,-0.27339563,0.01896517,-0.96171451,-0.04570472,-0.02292773,0.99939269,0.02622613,0.47776198,-0.00000000,0.00000000,0.00000000,1.00000000
8,track,1784531423,797146428,camera_color_optical_frame,/home/bit/ffs+fp+sam/fp/stereo_tracker_fast_outputs/visualization/000008.png,0.01573939,-0.04598600,0.47823188,0.69401294,-0.08971508,-0.10639524,0.70638329,88.81969452,1.19945502,-15.95597649,0.32468891,-0.08821192,0.11204702,0.96126240,0.02578476,-0.27442575,0.01573939,-0.27483842,0.01405199,-0.96138757,-0.04598600,-0.02093291,0.99956834,0.02059435,0.47823188,-0.00000000,0.00000000,0.00000000,1.00000000
9,track,1784531423,813892856,camera_color_optical_frame,/home/bit/ffs+fp+sam/fp/stereo_tracker_fast_outputs/visualization/000009.png,0.01545588,-0.04511859,0.47648120,0.69242769,-0.09241879,-0.10508539,0.70778507,88.62432861,0.84243888,-16.06765938,-0.19373736,-0.11900063,0.35463983,0.96083152,0.02076904,-0.27635327,0.01545588,-0.27674234,0.01900166,-0.96075606,-0.04511859,-0.01470280,0.99960327,0.02400516,0.47648120,-0.00000000,0.00000000,0.00000000,1.00000000
10,track,1784531423,863815922,camera_color_optical_frame,/home/bit/ffs+fp+sam/fp/stereo_tracker_fast_outputs/visualization/000010.png,0.01512063,-0.04564544,0.47749722,0.69416672,-0.08987186,-0.10550603,0.70634556,88.84742737,1.11827946,-15.89478397,0.21972878,0.17941590,-0.27161580,0.96158296,0.02427529,-0.27343869,0.01512063,-0.27381948,0.01400168,-0.96167892,-0.04564544,-0.01951642,0.99960679,0.02011093,0.47749722,-0.00000000,0.00000000,0.00000000,1.00000000
11,track,1784531423,930398711,camera_color_optical_frame,/home/bit/ffs+fp+sam/fp/stereo_tracker_fast_outputs/visualization/000011.png,0.01528498,-0.04569763,0.47774693,0.69224280,-0.08893989,-0.10729894,0.70807946,88.52243042,1.29504204,-15.97146702,-0.32327095,-0.07308772,-0.17826842,0.96115315,0.02881632,-0.27450678,0.01528498,-0.27508828,0.01857346,-0.96123928,-0.04569763,-0.02260082,0.99941170,0.02577907,0.47774693,-0.00000000,0.00000000,0.00000000,1.00000000
12,track,1784531423,980336878,camera_color_optical_frame,/home/bit/ffs+fp+sam/fp/stereo_tracker_fast_outputs/visualization/000012.png,0.01485472,-0.04567353,0.47731155,0.69114631,-0.09137833,-0.10708773,0.70887160,88.39906311,1.05863535,-16.15172577,-0.12003133,-0.18626398,0.23167725,0.96036440,0.02551126,-0.27757755,0.01485472,-0.27813444,0.02169752,-0.96029681,-0.04567353,-0.01847562,0.99943864,0.02793321,0.47731155,-0.00000000,0.00000000,0.00000000,1.00000000
13,track,1784531424,47367213,camera_color_optical_frame,/home/bit/ffs+fp+sam/fp/stereo_tracker_fast_outputs/visualization/000013.png,0.01488859,-0.04556507,0.47717658,0.69082928,-0.08993313,-0.10697266,0.70938259,88.31873322,1.15778184,-16.02652550,-0.08285228,0.12790138,-0.09561153,0.96093768,0.02751215,-0.27539369,0.01488859,-0.27602595,0.02262297,-0.96088362,-0.04556507,-0.02020573,0.99936509,0.02933344,0.47717658,-0.00000000,0.00000000,0.00000000,1.00000000
14,track,1784531424,97193962,camera_color_optical_frame,/home/bit/ffs+fp+sam/fp/stereo_tracker_fast_outputs/visualization/000014.png,0.01557987,-0.04544206,0.47715002,0.69081241,-0.08982752,-0.10638593,0.70950067,88.31388855,1.11848748,-15.96928978,-0.00595743,0.05605016,0.04095811,0.96122605,0.02685383,-0.27445075,0.01557987,-0.27506965,0.02292031,-0.96115083,-0.04544206,-0.01952005,0.99937624,0.02941838,0.47715002,-0.00000000,0.00000000,0.00000000,1.00000000
15,track,1784531424,163789572,camera_color_optical_frame,/home/bit/ffs+fp+sam/fp/stereo_tracker_fast_outputs/visualization/000015.png,0.01557479,-0.04542889,0.47743258,0.69141686,-0.09032191,-0.10557467,0.70897013,88.41994476,1.02686179,-15.94072723,0.10554373,0.02585104,0.09242875,0.96139181,0.02479843,-0.27406326,0.01557479,-0.27459866,0.02159332,-0.96131617,-0.04542889,-0.01792116,0.99945891,0.02756936,0.47743258,-0.00000000,0.00000000,0.00000000,1.00000000
16,track,1784531424,230318895,camera_color_optical_frame,/home/bit/ffs+fp+sam/fp/stereo_tracker_fast_outputs/visualization/000016.png,0.01573556,-0.04561830,0.47705749,0.69259161,-0.09120449,-0.10588040,0.70766371,88.62471771,1.00728548,-16.03550720,0.20645374,-0.09526006,0.01695715,0.96094209,0.02352053,-0.27574795,0.01573556,-0.27619028,0.01821228,-0.96093017,-0.04561830,-0.01757954,0.99955720,0.02399721,0.47705749,-0.00000000,0.00000000,0.00000000,1.00000000
17,track,1784531424,280340811,camera_color_optical_frame,/home/bit/ffs+fp+sam/fp/stereo_tracker_fast_outputs/visualization/000017.png,0.01599976,-0.04596356,0.47723454,0.69443738,-0.09069534,-0.10512903,0.70603037,88.90759277,1.02815807,-15.92966747,0.28098056,0.10629757,-0.01832554,0.96144438,0.02248413,-0.27407837,0.01599976,-0.27441296,0.01340890,-0.96151823,-0.04596356,-0.01794378,0.99965703,0.01906197,0.47723454,-0.00000000,0.00000000,0.00000000,1.00000000
18,track,1784531424,347038977,camera_color_optical_frame,/home/bit/ffs+fp+sam/fp/stereo_tracker_fast_outputs/visualization/000018.png,0.01628143,-0.04602475,0.47741652,0.69472724,-0.08938880,-0.10389861,0.70609397,88.92677307,1.03875136,-15.72202873,0.01543388,0.20777543,-0.00663771,0.96242929,0.02252269,-0.27059615,0.01628143,-0.27092597,0.01311793,-0.96251053,-0.04602475,-0.01812864,0.99965996,0.01872718,0.47741652,-0.00000000,0.00000000,0.00000000,1.00000000
19,track,1784531424,413666394,camera_color_optical_frame,/home/bit/ffs+fp+sam/fp/stereo_tracker_fast_outputs/visualization/000019.png,0.01628377,-0.04558889,0.47740525,0.69307876,-0.08919306,-0.10518581,0.70754677,88.66046143,1.12236130,-15.81520557,-0.26447958,-0.09157501,-0.08533933,0.96196091,0.02521215,-0.27202061,0.01628377,-0.27248326,0.01715531,-0.96200734,-0.04558889,-0.01958764,0.99953455,0.02337275,0.47740525,-0.00000000,0.00000000,0.00000000,1.00000000
20,track,1784531424,480408469,camera_color_optical_frame,/home/bit/ffs+fp+sam/fp/stereo_tracker_fast_outputs/visualization/000020.png,0.01634690,-0.04566887,0.47752017,0.69370687,-0.08828885,-0.10374226,0.70725769,88.74193573,1.09141040,-15.62184143,0.07780328,0.19256093,0.03545840,0.96288508,0.02425190,-0.26881933,0.01634690,-0.26923805,0.01601644,-0.96294022,-0.04566887,-0.01904755,0.99957716,0.02195165,0.47752017,-0.00000000,0.00000000,0.00000000,1.00000000
21,track,1784531424,546984999,camera_color_optical_frame,/home/bit/ffs+fp+sam/fp/stereo_tracker_fast_outputs/visualization/000021.png,0.01646154,-0.04617752,0.47747305,0.69531095,-0.08900753,-0.10463730,0.70545822,89.01194763,1.14191055,-15.75141525,0.27260172,-0.12840253,-0.05333188,0.96225715,0.02385869,-0.27109313,0.01646154,-0.27141023,0.01118717,-0.96239853,-0.04617752,-0.01992877,0.99965233,0.01724054,0.47747305,-0.00000000,0.00000000,0.00000000,1.00000000
22,track,1784531424,597176121,camera_color_optical_frame,/home/bit/ffs+fp+sam/fp/stereo_tracker_fast_outputs/visualization/000022.png,0.01706760,-0.04583219,0.47725669,0.69345927,-0.08624103,-0.10890438,0.70697707,88.66126251,1.66758323,-15.88520813,-0.34681627,-0.12464829,-0.52790296,0.96140444,0.03437652,-0.27298233,0.01706760,-0.27359495,0.01450784,-0.96173531,-0.04583219,-0.02910070,0.99930322,0.02335328,0.47725669,-0.00000000,0.00000000,0.00000000,1.00000000
23,track,1784531424,663626178,camera_color_optical_frame,/home/bit/ffs+fp+sam/fp/stereo_tracker_fast_outputs/visualization/000023.png,0.01624931,-0.04601940,0.47748962,0.69385159,-0.09015034,-0.10472634,0.70673567,88.80306244,1.02589011,-15.85318851,0.14114214,0.01702227,0.64226824,0.96181035,0.02292577,-0.27275395,0.01624931,-0.27312949,0.01520450,-0.96185684,-0.04601940,-0.01790420,0.99962115,0.02088570,0.47748962,-0.00000000,0.00000000,0.00000000,1.00000000
24,track,1784531424,713703385,camera_color_optical_frame,/home/bit/ffs+fp+sam/fp/stereo_tracker_fast_outputs/visualization/000024.png,0.01621351,-0.04598330,0.47740355,0.69489175,-0.08990443,-0.10361579,0.70590818,88.96358490,0.97837049,-15.74007511,0.15860121,0.11208229,0.04987161,0.96236163,0.02133875,-0.27093199,0.01621351,-0.27123410,0.01277831,-0.96242839,-0.04598330,-0.01707495,0.99969029,0.01808528,0.47740355,-0.00000000,0.00000000,0.00000000,1.00000000
25,track,1784531424,780333245,camera_color_optical_frame,/home/bit/ffs+fp+sam/fp/stereo_tracker_fast_outputs/visualization/000025.png,0.01604873,-0.04586383,0.47756237,0.69451612,-0.09033421,-0.10300842,0.70631176,88.91267395,0.88661933,-15.72507477,-0.05113808,0.01333278,0.09200839,0.96245772,0.02003497,-0.27069023,0.01604873,-0.27098921,0.01407301,-0.96247941,-0.04586383,-0.01547380,0.99969995,0.01897406,0.47756237,-0.00000000,0.00000000,0.00000000,1.00000000
26,track,1784531424,830401134,camera_color_optical_frame,/home/bit/ffs+fp+sam/fp/stereo_tracker_fast_outputs/visualization/000026.png,0.01631235,-0.04589123,0.47763726,0.69472814,-0.08863889,-0.10419442,0.70614409,88.91156769,1.12249231,-15.68594646,-0.00187713,0.04358722,-0.23508765,0.96257305,0.02399268,-0.26995721,0.01631235,-0.27031234,0.01299266,-0.96268493,-0.04589123,-0.01958993,0.99962741,0.01899205,0.47763726,-0.00000000,0.00000000,0.00000000,1.00000000
27,track,1784531424,896917901,camera_color_optical_frame,/home/bit/ffs+fp+sam/fp/stereo_tracker_fast_outputs/visualization/000027.png,0.01628548,-0.04586767,0.47740257,0.69445741,-0.08881186,-0.10508341,0.70625693,88.87195587,1.17487335,-15.77384949,-0.03779864,-0.08687411,-0.05404216,0.96213961,0.02507968,-0.27139989,0.01628548,-0.27178383,0.01337264,-0.96226531,-0.04586767,-0.02050397,0.99959570,0.01968273,0.47740257,-0.00000000,0.00000000,0.00000000,1.00000000
28,track,1784531424,947064735,camera_color_optical_frame,/home/bit/ffs+fp+sam/fp/stereo_tracker_fast_outputs/visualization/000028.png,0.01652574,-0.04579662,0.47738254,0.69473606,-0.08691302,-0.10457388,0.70629472,88.87803650,1.29099154,-15.57808018,0.00168355,0.19796818,-0.11224950,0.96302068,0.02695677,-0.26807493,0.01652574,-0.26848310,0.01281196,-0.96319902,-0.04579662,-0.02253014,0.99955422,0.01957576,0.47738254,-0.00000000,0.00000000,0.00000000,1.00000000
29,track,1784531425,13700439,camera_color_optical_frame,/home/bit/ffs+fp+sam/fp/stereo_tracker_fast_outputs/visualization/000029.png,0.01624918,-0.04596107,0.47756085,0.69443512,-0.09097417,-0.10350239,0.70623714,88.91307831,0.87395543,-15.81769753,0.03868037,-0.24770476,0.41225952,0.96202171,0.01984320,-0.27225006,0.01624918,-0.27254567,0.01409407,-0.96203941,-0.04596107,-0.01525280,0.99970341,0.01896709,0.47756085,-0.00000000,0.00000000,0.00000000,1.00000000
30,track,1784531425,63964337,camera_color_optical_frame,/home/bit/ffs+fp+sam/fp/stereo_tracker_fast_outputs/visualization/000030.png,0.01648208,-0.04597015,0.47742724,0.69388652,-0.08900332,-0.10436296,0.70690048,88.78504181,1.08864021,-15.73055077,-0.12968715,0.09119277,-0.21299271,0.96237338,0.02403207,-0.27066511,0.01648208,-0.27106473,0.01525938,-0.96243989,-0.04597015,-0.01899921,0.99959433,0.02119957,0.47742724,-0.00000000,0.00000000,0.00000000,1.00000000
31,track,1784531425,130617413,camera_color_optical_frame,/home/bit/ffs+fp+sam/fp/stereo_tracker_fast_outputs/visualization/000031.png,0.01646450,-0.04602681,0.47760305,0.69408500,-0.08981044,-0.10424396,0.70662111,88.83319855,1.01903319,-15.78552055,0.04913089,-0.05641596,0.06842780,0.96213430,0.02264982,-0.27163222,0.01646450,-0.27199396,0.01475811,-0.96218544,-0.04602681,-0.01778454,0.99963409,0.02035999,0.47760305,-0.00000000,0.00000000,0.00000000,1.00000000
32,track,1784531425,180328117,camera_color_optical_frame,/home/bit/ffs+fp+sam/fp/stereo_tracker_fast_outputs/visualization/000032.png,0.01626374,-0.04570642,0.47739828,0.69350356,-0.08897058,-0.10402302,0.70733047,88.72347260,1.05530977,-15.70032883,-0.11128582,0.08590731,-0.03453489,0.96252656,0.02375448,-0.27014384,0.01626374,-0.27055997,0.01646387,-0.96256196,-0.04570642,-0.01841758,0.99958175,0.02227399,0.47739828,-0.00000000,0.00000000,0.00000000,1.00000000
33,track,1784531425,230285461,camera_color_optical_frame,/home/bit/ffs+fp+sam/fp/stereo_tracker_fast_outputs/visualization/000033.png,0.01632359,-0.04596861,0.47746071,0.69421631,-0.08916833,-0.10403185,0.70660466,88.84091187,1.05589759,-15.71598339,0.11773535,-0.01562783,-0.00093755,0.96245241,0.02321453,-0.27045473,0.01632359,-0.27082288,0.01448167,-0.96251988,-0.04596861,-0.01842784,0.99962503,0.02022501,0.47746071,-0.00000000,0.00000000,0.00000000,1.00000000
34,track,1784531425,296953186,camera_color_optical_frame,/home/bit/ffs+fp+sam/fp/stereo_tracker_fast_outputs/visualization/000034.png,0.01664825,-0.04608532,0.47763413,0.69388068,-0.08841586,-0.10515499,0.70686257,88.77211761,1.19954062,-15.74877357,-0.06811242,-0.02986521,-0.14427778,0.96224976,0.02596011,-0.27092570,0.01664825,-0.27136025,0.01494377,-0.96236151,-0.04608532,-0.02093439,0.99955064,0.02142426,0.47763413,-0.00000000,0.00000000,0.00000000,1.00000000
35,track,1784531425,364254319,camera_color_optical_frame,/home/bit/ffs+fp+sam/fp/stereo_tracker_fast_outputs/visualization/000035.png,0.01655941,-0.04589625,0.47753313,0.69397873,-0.08776539,-0.10486864,0.70688993,88.77456665,1.23037028,-15.67248249,0.00081077,0.07691829,-0.02919025,0.96259916,0.02644653,-0.26963410,0.01655941,-0.27007565,0.01479196,-0.96272516,-0.04589625,-0.02147235,0.99954015,0.02138136,0.47753313,-0.00000000,0.00000000,0.00000000,1.00000000
36,track,1784531425,413708909,camera_color_optical_frame,/home/bit/ffs+fp+sam/fp/stereo_tracker_fast_outputs/visualization/000036.png,0.01660952,-0.04613442,0.47723168,0.69490606,-0.08891257,-0.10535575,0.70576227,88.94545746,1.19886005,-15.80377197,0.17364727,-0.13190377,0.02869149,0.96198899,0.02514048,-0.27192694,0.01660952,-0.27228385,0.01201134,-0.96214175,-0.04613442,-0.02092252,0.99961114,0.01840017,0.47723168,-0.00000000,0.00000000,0.00000000,1.00000000
37,track,1784531425,480186639,camera_color_optical_frame,/home/bit/ffs+fp+sam/fp/stereo_tracker_fast_outputs/visualization/000037.png,0.01670528,-0.04623758,0.47767061,0.69535810,-0.08819261,-0.10499954,0.70546031,89.00287628,1.23721957,-15.71545124,0.05551342,0.08899232,-0.03673006,0.96239388,0.02549513,-0.27045733,0.01670528,-0.27079678,0.01090419,-0.96257460,-0.04623758,-0.02159187,0.99961489,0.01739818,0.47767061,-0.00000000,0.00000000,0.00000000,1.00000000
38,track,1784531425,597208436,camera_color_optical_frame,/home/bit/ffs+fp+sam/fp/stereo_tracker_fast_outputs/visualization/000038.png,0.01647504,-0.04615228,0.47762156,0.69461828,-0.08888295,-0.10411412,0.70623332,88.89905548,1.09413075,-15.69916916,-0.10413124,0.01378744,0.14334953,0.96251976,0.02357828,-0.27018332,0.01647504,-0.27053705,0.01333122,-0.96261704,-0.04615228,-0.01909501,0.99963254,0.01921042,0.47762156,-0.00000000,0.00000000,0.00000000,1.00000000
39,track,1784531425,663855186,camera_color_optical_frame,/home/bit/ffs+fp+sam/fp/stereo_tracker_fast_outputs/visualization/000039.png,0.01624802,-0.04596383,0.47743711,0.69495904,-0.09084294,-0.10467713,0.70556521,88.99375153,0.99135393,-15.90352058,0.09823912,-0.20625442,0.09882399,0.96158022,0.02144886,-0.27368388,0.01624802,-0.27397719,0.01214903,-0.96165925,-0.04596383,-0.01730152,0.99969554,0.01755881,0.47743711,-0.00000000,0.00000000,0.00000000,1.00000000
40,track,1784531425,713682629,camera_color_optical_frame,/home/bit/ffs+fp+sam/fp/stereo_tracker_fast_outputs/visualization/000040.png,0.01626942,-0.04613089,0.47745278,0.69569349,-0.09019494,-0.10383485,0.70504874,89.09738922,0.99074733,-15.78057194,0.10151006,0.12290671,0.00276271,0.96216613,0.02092124,-0.27165815,0.01626942,-0.27191320,0.01045746,-0.96226472,-0.04613089,-0.01729093,0.99972582,0.01575062,0.47745278,-0.00000000,0.00000000,0.00000000,1.00000000
41,track,1784531425,730534862,camera_color_optical_frame,/home/bit/ffs+fp+sam/fp/stereo_tracker_fast_outputs/visualization/000041.png,0.01641491,-0.04609060,0.47748518,0.69444883,-0.08824960,-0.10572421,0.70624030,88.85913849,1.27146268,-15.78152275,-0.23823372,0.00347855,-0.28069615,0.96206850,0.02676375,-0.27149096,0.01641491,-0.27190289,0.01312630,-0.96223497,-0.04609060,-0.02218938,0.99955505,0.01990560,0.47748518,-0.00000000,0.00000000,0.00000000,1.00000000
42,track,1784531425,780323924,camera_color_optical_frame,/home/bit/ffs+fp+sam/fp/stereo_tracker_fast_outputs/visualization/000042.png,0.01654386,-0.04587393,0.47718862,0.69421816,-0.08687069,-0.10576316,0.70663202,88.79468536,1.37949157,-15.67402077,-0.06703655,0.10960890,-0.10587136,0.96253496,0.02885688,-0.26961663,0.01654386,-0.27008551,0.01375032,-0.96273786,-0.04587393,-0.02407434,0.99948835,0.02102905,0.47718862,-0.00000000,0.00000000,0.00000000,1.00000000
43,track,1784531425,863771297,camera_color_optical_frame,/home/bit/ffs+fp+sam/fp/stereo_tracker_fast_outputs/visualization/000043.png,0.01680759,-0.04605376,0.47754884,0.69430965,-0.08797287,-0.10608423,0.70635760,88.83137512,1.31964731,-15.78925133,0.03935224,-0.11642503,0.05740406,0.96201348,0.02770598,-0.27159125,0.01680759,-0.27202746,0.01336009,-0.96219641,-0.04605376,-0.02303015,0.99952620,0.02038945,0.47754884,-0.00000000,0.00000000,0.00000000,1.00000000
44,track,1784531425,930493290,camera_color_optical_frame,/home/bit/ffs+fp+sam/fp/stereo_tracker_fast_outputs/visualization/000044.png,0.01647752,-0.04593166,0.47717586,0.69419950,-0.08890282,-0.10481174,0.70653933,88.83277893,1.13991904,-15.75911140,0.00079839,0.02647148,0.18030418,0.96222126,0.02467469,-0.27114725,0.01647752,-0.27153966,0.01420272,-0.96232206,-0.04593166,-0.01989402,0.99959397,0.02036637,0.47717586,-0.00000000,0.00000000,0.00000000,1.00000000
45,track,1784531425,980567884,camera_color_optical_frame,/home/bit/ffs+fp+sam/fp/stereo_tracker_fast_outputs/visualization/000045.png,0.01649907,-0.04604590,0.47753659,0.69453549,-0.08913339,-0.10585823,0.70602393,88.89095306,1.21385455,-15.86375332,0.06038820,-0.10307812,-0.07605531,0.96169823,0.02566430,-0.27290523,0.01649907,-0.27328929,0.01282856,-0.96184599,-0.04604590,-0.02118417,0.99958771,0.01935105,0.47753659,-0.00000000,0.00000000,0.00000000,1.00000000
46,track,1784531426,63934350,camera_color_optical_frame,/home/bit/ffs+fp+sam/fp/stereo_tracker_fast_outputs/visualization/000046.png,0.01616490,-0.04578878,0.47759607,0.69424087,-0.08899872,-0.10556236,0.70637488,88.84128571,1.19405425,-15.82889175,-0.05038251,0.03447511,0.02046935,0.96187133,0.02556016,-0.27230436,0.01616490,-0.27270609,0.01377218,-0.96199846,-0.04578878,-0.02083866,0.99957776,0.02021755,0.47759607,-0.00000000,0.00000000,0.00000000,1.00000000
47,track,1784531426,113631267,camera_color_optical_frame,/home/bit/ffs+fp+sam/fp/stereo_tracker_fast_outputs/visualization/000047.png,0.01631852,-0.04578493,0.47744921,0.69389641,-0.08899390,-0.10458831,0.70685869,88.78641510,1.10787642,-15.74842548,-0.05642663,0.07870529,0.08778410,0.96228254,0.02435328,-0.27095920,0.01631852,-0.27136320,0.01513781,-0.96235770,-0.04578493,-0.01933488,0.99958819,0.02117551,0.47744921,-0.00000000,0.00000000,0.00000000,1.00000000
48,track,1784531426,180367340,camera_color_optical_frame,/home/bit/ffs+fp+sam/fp/stereo_tracker_fast_outputs/visualization/000048.png,0.01664772,-0.04605513,0.47748291,0.69468892,-0.08975299,-0.10499503,0.70592338,88.92812347,1.09788311,-15.84213066,0.14350919,-0.09386200,0.00800404,0.96184069,0.02353616,-0.27259532,0.01664772,-0.27293751,0.01276643,-0.96194673,-0.04605513,-0.01916050,0.99964082,0.01870324,0.47748291,-0.00000000,0.00000000,0.00000000,1.00000000
49,track,1784531426,247065183,camera_color_optical_frame,/home/bit/ffs+fp+sam/fp/stereo_tracker_fast_outputs/visualization/000049.png,0.01625782,-0.04536819,0.47732213,0.69241804,-0.08832806,-0.10628853,0.70813715,88.53784180,1.26608837,-15.83810425,-0.39037126,0.00718653,-0.16810142,0.96180159,0.02821382,-0.27228898,0.01625782,-0.27285340,0.01851955,-0.96187699,-0.04536819,-0.02209561,0.99942964,0.02551044,0.47732213,-0.00000000,0.00000000,0.00000000,1.00000000
50,track,1784531426,313847275,camera_color_optical_frame,/home/bit/ffs+fp+sam/fp/stereo_tracker_fast_outputs/visualization/000050.png,0.01652131,-0.04552966,0.47747490,0.69216508,-0.08846368,-0.10672560,0.70830172,88.50042725,1.28500473,-15.88572216,-0.03634699,-0.04709398,-0.02012709,0.96156746,0.02872491,-0.27306145,0.01652131,-0.27365065,0.01903380,-0.96164042,-0.04552966,-0.02242568,0.99940550,0.02616293,0.47747490,-0.00000000,0.00000000,0.00000000,1.00000000
51,track,1784531426,380326727,camera_color_optical_frame,/home/bit/ffs+fp+sam/fp/stereo_tracker_fast_outputs/visualization/000051.png,0.01635380,-0.04600494,0.47758353,0.69360721,-0.09038680,-0.10419193,0.70702428,88.76911926,0.95833689,-15.82835388,0.26771522,0.04880495,0.32805520,0.96194834,0.02194658,-0.27234787,0.01635380,-0.27271816,0.01610577,-0.96195871,-0.04600494,-0.01672535,0.99962878,0.02147822,0.47758353,-0.00000000,0.00000000,0.00000000,1.00000000
52,track,1784531426,448333659,camera_color_optical_frame,/home/bit/ffs+fp+sam/fp/stereo_tracker_fast_outputs/visualization/000052.png,0.01635665,-0.04540065,0.47743726,0.69233626,-0.08918757,-0.10421591,0.70841736,88.54248047,1.02800059,-15.73543739,-0.22830276,0.09438632,-0.06765348,0.96236902,0.02416112,-0.27066895,0.01635665,-0.27115211,0.01961850,-0.96233606,-0.04540065,-0.01794103,0.99951494,0.02543164,0.47743726,-0.00000000,0.00000000,0.00000000,1.00000000
53,track,1784531426,514101203,camera_color_optical_frame,/home/bit/ffs+fp+sam/fp/stereo_tracker_fast_outputs/visualization/000053.png,0.01650653,-0.04581903,0.47744536,0.69350827,-0.08902487,-0.10534076,0.70712394,88.72529602,1.15781522,-15.81382656,0.18439747,-0.07502980,-0.13176745,0.96195567,0.02549900,-0.27201262,0.01650653,-0.27245674,0.01589883,-0.96203625,-0.04581903,-0.02020631,0.99954778,0.02224141,0.47744536,-0.00000000,0.00000000,0.00000000,1.00000000
54,track,1784531426,580551686,camera_color_optical_frame,/home/bit/ffs+fp+sam/fp/stereo_tracker_fast_outputs/visualization/000054.png,0.01606409,-0.04562381,0.47731245,0.69354397,-0.09039208,-0.10496325,0.70697159,88.75915527,1.01901114,-15.89271641,0.03526188,-0.08193282,0.13701326,0.96162385,0.02303034,-0.27340248,0.01606409,-0.27379361,0.01595853,-0.96165562,-0.04562381,-0.01778416,0.99960673,0.02165173,0.47731245,-0.00000000,0.00000000,0.00000000,1.00000000
55,track,1784531426,647258207,camera_color_optical_frame,/home/bit/ffs+fp+sam/fp/stereo_tracker_fast_outputs/visualization/000055.png,0.01620935,-0.04594951,0.47734171,0.69469976,-0.09027515,-0.10571491,0.70573860,88.94063568,1.11499357,-15.94379807,0.18247660,-0.04896693,-0.09706531,0.96134943,0.02378596,-0.27430156,0.01620935,-0.27464226,0.01243269,-0.96146566,-0.04594951,-0.01945908,0.99963909,0.01848484,0.47734171,-0.00000000,0.00000000,0.00000000,1.00000000
56,track,1784531426,713898699,camera_color_optical_frame,/home/bit/ffs+fp+sam/fp/stereo_tracker_fast_outputs/visualization/000056.png,0.01631704,-0.04601903,0.47764525,0.69414425,-0.08892035,-0.10632174,0.70636582,88.82430267,1.25973988,-15.88558388,-0.11761183,0.06088102,-0.14364469,0.96157759,0.02675700,-0.27322587,0.01631704,-0.27365100,0.01371832,-0.96173078,-0.04601903,-0.02198483,0.99954712,0.02051338,0.47764525,-0.00000000,0.00000000,0.00000000,1.00000000
57,track,1784531426,780425884,camera_color_optical_frame,/home/bit/ffs+fp+sam/fp/stereo_tracker_fast_outputs/visualization/000057.png,0.01629934,-0.04594320,0.47763765,0.69420803,-0.08959375,-0.10473684,0.70645481,88.84830475,1.07897925,-15.80863380,0.02255375,0.07322718,0.18230148,0.96200615,0.02359033,-0.27200618,0.01629934,-0.27237687,0.01421028,-0.96208525,-0.04594320,-0.01883062,0.99961996,0.02009591,0.47763765,-0.00000000,0.00000000,0.00000000,1.00000000
58,track,1784531426,847474644,camera_color_optical_frame,/home/bit/ffs+fp+sam/fp/stereo_tracker_fast_outputs/visualization/000058.png,0.01650788,-0.04605698,0.47746387,0.69497192,-0.08860986,-0.10595156,0.70564622,88.94978333,1.27278817,-15.82847691,0.10191883,-0.01592280,-0.19416693,0.96184504,0.02636596,-0.27232119,0.01650788,-0.27269110,0.01157594,-0.96203148,-0.04605698,-0.02221251,0.99958450,0.01832411,0.47746387,-0.00000000,0.00000000,0.00000000,1.00000000
59,track,1784531426,897053318,camera_color_optical_frame,/home/bit/ffs+fp+sam/fp/stereo_tracker_fast_outputs/visualization/000059.png,0.01618127,-0.04606453,0.47764957,0.69455296,-0.09008647,-0.10536502,0.70595950,88.91336823,1.09834683,-15.89984703,-0.03505345,-0.07452099,0.17310458,0.96156514,0.02362730,-0.27355799,0.01618127,-0.27390626,0.01298816,-0.96166813,-0.04606453,-0.01916859,0.99963570,0.01896072,0.47764957,-0.00000000,0.00000000,0.00000000,1.00000000
60,track,1784531426,963851012,camera_color_optical_frame,/home/bit/ffs+fp+sam/fp/stereo_tracker_fast_outputs/visualization/000060.png,0.01613876,-0.04569275,0.47744507,0.69306326,-0.08936562,-0.10551836,0.70749068,88.66153717,1.13517964,-15.85668087,-0.25267673,0.04387081,-0.03600527,0.96175921,0.02543453,-0.27271253,0.01613876,-0.27317831,0.01705787,-0.96181160,-0.04569275,-0.01981132,0.99953026,0.02335382,0.47744507,-0.00000000,0.00000000,0.00000000,1.00000000
61,track,1784531427,30464151,camera_color_optical_frame,/home/bit/ffs+fp+sam/fp/stereo_tracker_fast_outputs/visualization/000061.png,0.01639620,-0.04587512,0.47753713,0.69411427,-0.08899935,-0.10569362,0.70647955,88.82117462,1.20185030,-15.84000492,0.15928604,0.01824735,-0.06626110,0.96181583,0.02578940,-0.27247939,0.01639620,-0.27289191,0.01406780,-0.96194130,-0.04587512,-0.02097470,0.99956769,0.02056845,0.47753713,-0.00000000,0.00000000,0.00000000,1.00000000
62,track,1784531427,97065595,camera_color_optical_frame,/home/bit/ffs+fp+sam/fp/stereo_tracker_fast_outputs/visualization/000062.png,0.01624054,-0.04568601,0.47755030,0.69296807,-0.08905718,-0.10477895,0.70773262,88.64012909,1.09784412,-15.77070332,-0.18237166,0.06715684,0.10541081,0.96218026,0.02488349,-0.27127433,0.01624054,-0.27173826,0.01763269,-0.96220911,-0.04568601,-0.01915982,0.99953413,0.02372772,0.47755030,-0.00000000,0.00000000,0.00000000,1.00000000
63,track,1784531427,147109362,camera_color_optical_frame,/home/bit/ffs+fp+sam/fp/stereo_tracker_fast_outputs/visualization/000063.png,0.01651883,-0.04590394,0.47746909,0.69447511,-0.08912019,-0.10418762,0.70633340,88.88112640,1.07805324,-15.72459507,0.24014254,0.04564022,0.02088086,0.96240497,0.02339889,-0.27060857,0.01651883,-0.27096567,0.01369785,-0.96249104,-0.04590394,-0.01881447,0.99963164,0.01952327,0.47746909,-0.00000000,0.00000000,0.00000000,1.00000000
64,track,1784531427,230504706,camera_color_optical_frame,/home/bit/ffs+fp+sam/fp/stereo_tracker_fast_outputs/visualization/000064.png,0.01654419,-0.04615321,0.47756401,0.69508547,-0.08898762,-0.10491005,0.70564246,88.97561646,1.16067588,-15.77269173,0.09546582,-0.04644583,-0.08354461,0.96214998,0.02435000,-0.27142984,0.01654419,-0.27176577,0.01169946,-0.96229184,-0.04615321,-0.02025623,0.99963433,0.01787423,0.47756401,-0.00000000,0.00000000,0.00000000,1.00000000
65,track,1784531427,297136208,camera_color_optical_frame,/home/bit/ffs+fp+sam/fp/stereo_tracker_fast_outputs/visualization/000065.png,0.01624589,-0.04579148,0.47744846,0.69412088,-0.08935765,-0.10460529,0.70658982,88.82959747,1.08520281,-15.77882957,-0.14589801,-0.00746885,0.07535262,0.96214575,0.02377606,-0.27149588,0.01624589,-0.27187589,0.01450718,-0.96222252,-0.04579148,-0.01893923,0.99961132,0.02042227,0.47744846,-0.00000000,0.00000000,0.00000000,1.00000000
66,track,1784531427,363998165,camera_color_optical_frame,/home/bit/ffs+fp+sam/fp/stereo_tracker_fast_outputs/visualization/000066.png,0.01625590,-0.04573566,0.47733244,0.69358182,-0.08935273,-0.10538949,0.70700312,88.74372101,1.13724434,-15.84416580,-0.08457689,-0.06422850,-0.05336454,0.96181816,0.02507456,-0.27253783,0.01625590,-0.27296805,0.01567395,-0.96189493,-0.04573566,-0.01984735,0.99956191,0.02192012,0.47733244,-0.00000000,0.00000000,0.00000000,1.00000000
67,track,1784531427,413768434,camera_color_optical_frame,/home/bit/ffs+fp+sam/fp/stereo_tracker_fast_outputs/visualization/000067.png,0.01633396,-0.04593015,0.47780678,0.69437927,-0.08580919,-0.10572790,0.70660865,88.79929352,1.46485078,-15.58528328,0.04895467,0.26593536,-0.32186726,0.96291667,0.03024827,-0.26809761,0.01633396,-0.26858458,0.01331738,-0.96316355,-0.04593015,-0.02556368,0.99945283,0.02094782,0.47780678,-0.00000000,0.00000000,0.00000000,1.00000000
68,track,1784531427,480395509,camera_color_optical_frame,/home/bit/ffs+fp+sam/fp/stereo_tracker_fast_outputs/visualization/000068.png,0.01614043,-0.04582531,0.47751287,0.69363105,-0.08909349,-0.10583194,0.70692140,88.74623108,1.19485450,-15.85983944,-0.04733842,-0.28007632,0.26417264,0.96172374,0.02603369,-0.27278084,0.01614043,-0.27322555,0.01535031,-0.96182698,-0.04582531,-0.02085263,0.99954224,0.02187588,0.47751287,-0.00000000,0.00000000,0.00000000,1.00000000
69,track,1784531427,547041000,camera_color_optical_frame,/home/bit/ffs+fp+sam/fp/stereo_tracker_fast_outputs/visualization/000069.png,0.01618843,-0.04591257,0.47743180,0.69403881,-0.08897474,-0.10525080,0.70662284,88.80868530,1.16623664,-15.80149555,0.06126594,0.05770653,0.02988872,0.96201128,0.02524140,-0.27183944,0.01618843,-0.27224886,0.01446408,-0.96211761,-0.04591257,-0.02035326,0.99957573,0.02078659,0.47743180,-0.00000000,0.00000000,0.00000000,1.00000000
70,track,1784531427,615084820,camera_color_optical_frame,/home/bit/ffs+fp+sam/fp/stereo_tracker_fast_outputs/visualization/000070.png,0.01653938,-0.04551266,0.47749427,0.69213074,-0.08751054,-0.10662683,0.70846856,88.47570801,1.35245860,-15.80097866,-0.33298841,0.00440279,-0.18616751,0.96194494,0.02994606,-0.27159631,0.01653938,-0.27222073,0.01917084,-0.96204329,-0.04551266,-0.02360265,0.99936658,0.02659329,0.47749427,-0.00000000,0.00000000,0.00000000,1.00000000
71,track,1784531427,680466193,camera_color_optical_frame,/home/bit/ffs+fp+sam/fp/stereo_tracker_fast_outputs/visualization/000071.png,0.01618568,-0.04585622,0.47747442,0.69349992,-0.09067244,-0.10520308,0.70694321,88.75798035,1.01512349,-15.93524647,0.28462687,-0.14315821,0.33364484,0.96142125,0.02298261,-0.27411717,0.01618568,-0.27450758,0.01597975,-0.96145159,-0.04585622,-0.01771631,0.99960703,0.02167222,0.47747442,-0.00000000,0.00000000,0.00000000,1.00000000
72,track,1784531427,763857517,camera_color_optical_frame,/home/bit/ffs+fp+sam/fp/stereo_tracker_fast_outputs/visualization/000072.png,0.01620070,-0.04595568,0.47739232,0.69498253,-0.09007373,-0.10449269,0.70566791,88.98155212,1.03808892,-15.82608509,0.22159651,0.10963276,-0.02059297,0.96193558,0.02227498,-0.27236545,0.01620070,-0.27267337,0.01216046,-0.96202922,-0.04595568,-0.01811707,0.99967682,0.01777141,0.47739232,-0.00000000,0.00000000,0.00000000,1.00000000
73,track,1784531427,813765840,camera_color_optical_frame,/home/bit/ffs+fp+sam/fp/stereo_tracker_fast_outputs/visualization/000073.png,0.01641094,-0.04589795,0.47741804,0.69431227,-0.08897254,-0.10520946,0.70636064,88.85215759,1.16909742,-15.79746246,-0.12998380,0.03095207,-0.13047671,0.96202928,0.02508219,-0.27178976,0.01641094,-0.27218083,0.01372229,-0.96214759,-0.04589795,-0.02040317,0.99959004,0.02002817,0.47741804,-0.00000000,0.00000000,0.00000000,1.00000000
74,track,1784531427,880393397,camera_color_optical_frame,/home/bit/ffs+fp+sam/fp/stereo_tracker_fast_outputs/visualization/000074.png,0.01656805,-0.04604258,0.47772625,0.69525319,-0.08844768,-0.10540754,0.70547104,88.99133301,1.24774182,-15.76993370,0.13857910,0.02910493,-0.07807484,0.96213210,0.02573687,-0.27136433,0.01656805,-0.27171069,0.01102390,-0.96231514,-0.04604258,-0.02177547,0.99960691,0.01759949,0.47772625,-0.00000000,0.00000000,0.00000000,1.00000000
75,track,1784531427,947186214,camera_color_optical_frame,/home/bit/ffs+fp+sam/fp/stereo_tracker_fast_outputs/visualization/000075.png,0.01617157,-0.04595949,0.47766328,0.69477624,-0.08979064,-0.10336063,0.70607376,88.94287109,0.96419263,-15.70994282,-0.04947798,0.05499735,0.28456309,0.96250790,0.02119168,-0.27042258,0.01617157,-0.27072898,0.01320448,-0.96256441,-0.04595949,-0.01682753,0.99968708,0.01844667,0.47766328,-0.00000000,0.00000000,0.00000000,1.00000000
76,track,1784531428,13830856,camera_color_optical_frame,/home/bit/ffs+fp+sam/fp/stereo_tracker_fast_outputs/visualization/000076.png,0.01626541,-0.04604401,0.47753045,0.69429857,-0.08989701,-0.10363030,0.70649052,88.86900330,0.96709257,-15.74145508,-0.07333127,-0.03144107,-0.00347796,0.96235800,0.02159692,-0.27092344,0.01626541,-0.27125812,0.01441981,-0.96239793,-0.04604401,-0.01687814,0.99966156,0.01973541,0.47753045,-0.00000000,0.00000000,0.00000000,1.00000000
77,track,1784531428,130473450,camera_color_optical_frame,/home/bit/ffs+fp+sam/fp/stereo_tracker_fast_outputs/visualization/000077.png,0.01641497,-0.04580707,0.47739834,0.69385052,-0.08830686,-0.10490916,0.70694238,88.76512909,1.18765342,-15.71967888,-0.10434116,0.02613168,-0.22008483,0.96239126,0.02578596,-0.27043816,0.01641497,-0.27087268,0.01513058,-0.96249557,-0.04580707,-0.02072696,0.99955171,0.02154629,0.47739834,-0.00000000,0.00000000,0.00000000,1.00000000
78,track,1784531428,180927508,camera_color_optical_frame,/home/bit/ffs+fp+sam/fp/stereo_tracker_fast_outputs/visualization/000078.png,0.01663544,-0.04593428,0.47737265,0.69398731,-0.08845663,-0.10626620,0.70658660,88.78988647,1.28871405,-15.84387875,0.02755170,-0.12195336,-0.10371301,0.96176517,0.02739698,-0.27249920,0.01663544,-0.27294782,0.01417769,-0.96192366,-0.04593428,-0.02249039,0.99952281,0.02111360,0.47737265,-0.00000000,0.00000000,0.00000000,1.00000000
79,track,1784531428,247201107,camera_color_optical_frame,/home/bit/ffs+fp+sam/fp/stereo_tracker_fast_outputs/visualization/000079.png,0.01662323,-0.04591280,0.47740337,0.69418156,-0.08888870,-0.10444811,0.70661265,88.82965851,1.11116588,-15.72791290,0.03751899,0.11217680,0.17995635,0.96237803,0.02419891,-0.27063155,0.01662323,-0.27101821,0.01440467,-0.96246570,-0.04591280,-0.01939227,0.99960220,0.02042111,0.47740337,-0.00000000,0.00000000,0.00000000,1.00000000
80,track,1784531428,265995895,camera_color_optical_frame,/home/bit/ffs+fp+sam/fp/stereo_tracker_fast_outputs/visualization/000080.png,0.01660491,-0.04602920,0.47759342,0.69406861,-0.08841110,-0.10415085,0.70682734,88.80197144,1.12267339,-15.66496944,-0.02891043,0.06316151,-0.01021980,0.96267146,0.02450660,-0.26955837,0.01660491,-0.26995978,0.01484212,-0.96275651,-0.04602920,-0.01959308,0.99958819,0.02090391,0.47759342,-0.00000000,0.00000000,0.00000000,1.00000000
81,track,1784531428,296950772,camera_color_optical_frame,/home/bit/ffs+fp+sam/fp/stereo_tracker_fast_outputs/visualization/000081.png,0.01656157,-0.04604359,0.47748291,0.69399232,-0.08868627,-0.10531241,0.70669562,88.79538727,1.19320178,-15.78341675,-0.00411499,-0.11690887,-0.07299025,0.96208739,0.02575247,-0.27152032,0.01656157,-0.27194253,0.01456730,-0.96220255,-0.04604359,-0.02082378,0.99956083,0.02101824,0.47748291,-0.00000000,0.00000000,0.00000000,1.00000000
82,track,1784531428,363689873,camera_color_optical_frame,/home/bit/ffs+fp+sam/fp/stereo_tracker_fast_outputs/visualization/000082.png,0.01626119,-0.04623196,0.47764087,0.69550645,-0.09024698,-0.10343840,0.70528489,89.06866455,0.95027775,-15.75229645,0.27274641,0.02601016,0.24352552,0.96231133,0.02037239,-0.27118376,0.01626119,-0.27144149,0.01114186,-0.96238983,-0.04623196,-0.01658470,0.99972904,0.01625188,0.47764087,-0.00000000,0.00000000,0.00000000,1.00000000
83,track,1784531428,430319919,camera_color_optical_frame,/home/bit/ffs+fp+sam/fp/stereo_tracker_fast_outputs/visualization/000083.png,0.01648347,-0.04617561,0.47758022,0.69470316,-0.08940621,-0.10445412,0.70603353,88.92330933,1.08191442,-15.76938725,-0.14504217,-0.01493646,-0.13189638,0.96219110,0.02327468,-0.27137673,0.01648347,-0.27171749,0.01295300,-0.96228927,-0.04617561,-0.01888184,0.99964392,0.01878741,0.47758022,-0.00000000,0.00000000,0.00000000,1.00000000
84,track,1784531428,480297604,camera_color_optical_frame,/home/bit/ffs+fp+sam/fp/stereo_tracker_fast_outputs/visualization/000084.png,0.01660525,-0.04628107,0.47743851,0.69510782,-0.08724037,-0.10524756,0.70578831,88.94381714,1.32769299,-15.65952682,0.01795908,0.11444301,-0.24367231,0.96262342,0.02728209,-0.26946324,0.01660525,-0.26984766,0.01149549,-0.96283382,-0.04628107,-0.02317052,0.99956042,0.01842786,0.47743851,-0.00000000,0.00000000,0.00000000,1.00000000
85,track,1784531428,530589882,camera_color_optical_frame,/home/bit/ffs+fp+sam/fp/stereo_tracker_fast_outputs/visualization/000085.png,0.01627470,-0.04588940,0.47764012,0.69358802,-0.08975076,-0.10420492,0.70712215,88.75293732,1.00967658,-15.77816200,-0.18880981,-0.12445000,0.31577432,0.96217149,0.02287115,-0.27148005,0.01627470,-0.27187106,0.01615337,-0.96219748,-0.04588940,-0.01762125,0.99960661,0.02176034,0.47764012,-0.00000000,0.00000000,0.00000000,1.00000000
86,track,1784531428,597031947,camera_color_optical_frame,/home/bit/ffs+fp+sam/fp/stereo_tracker_fast_outputs/visualization/000086.png,0.01668872,-0.04557378,0.47729433,0.69304222,-0.08879142,-0.10701886,0.70735818,88.64639282,1.30202615,-15.93487263,-0.10299540,-0.15025930,-0.29569429,0.96132535,0.02832894,-0.27395174,0.01668872,-0.27447343,0.01647841,-0.96145290,-0.04557378,-0.02272267,0.99946153,0.02361667,0.47729433,-0.00000000,0.00000000,0.00000000,1.00000000
87,track,1784531428,647329950,camera_color_optical_frame,/home/bit/ffs+fp+sam/fp/stereo_tracker_fast_outputs/visualization/000087.png,0.01654677,-0.04582366,0.47736883,0.69404954,-0.08887113,-0.10474898,0.70670003,88.80828094,1.13405335,-15.75159454,0.15825780,0.17922947,0.17224903,0.96225840,0.02469028,-0.27101234,0.01654677,-0.27141386,0.01464540,-0.96235079,-0.04582366,-0.01979166,0.99958664,0.02079393,0.47736883,-0.00000000,0.00000000,0.00000000,1.00000000
88,track,1784531428,713829257,camera_color_optical_frame,/home/bit/ffs+fp+sam/fp/stereo_tracker_fast_outputs/visualization/000088.png,0.01626795,-0.04572358,0.47750410,0.69410753,-0.08943700,-0.10397226,0.70668626,88.82910919,1.02726495,-15.73288345,0.02049731,0.01648982,0.10715396,0.96238077,0.02279377,-0.27074361,0.01626795,-0.27110910,0.01480862,-0.96243423,-0.04572358,-0.01792818,0.99962926,0.02043111,0.47750410,-0.00000000,0.00000000,0.00000000,1.00000000
89,track,1784531428,780604518,camera_color_optical_frame,/home/bit/ffs+fp+sam/fp/stereo_tracker_fast_outputs/visualization/000089.png,0.01672390,-0.04578578,0.47751787,0.69432032,-0.08859352,-0.10493516,0.70644116,88.84571075,1.17723143,-15.74419212,0.01682053,-0.00823588,-0.15016639,0.96227878,0.02523644,-0.27088931,0.01672390,-0.27128538,0.01381544,-0.96239936,-0.04578578,-0.02054510,0.99958479,0.02014058,0.47751787,-0.00000000,0.00000000,0.00000000,1.00000000
90,track,1784531428,847194056,camera_color_optical_frame,/home/bit/ffs+fp+sam/fp/stereo_tracker_fast_outputs/visualization/000090.png,0.01612646,-0.04590679,0.47757399,0.69443089,-0.08988579,-0.10503934,0.70615369,88.88978577,1.08518171,-15.85690594,0.04620690,-0.11452723,0.08975792,0.96177369,0.02350889,-0.27283135,0.01612646,-0.27318653,0.01346467,-0.96186632,-0.04590679,-0.01893885,0.99963164,0.01937226,0.47757399,-0.00000000,0.00000000,0.00000000,1.00000000
91,track,1784531428,914384235,camera_color_optical_frame,/home/bit/ffs+fp+sam/fp/stereo_tracker_fast_outputs/visualization/000091.png,0.01612769,-0.04604859,0.47729078,0.69571292,-0.09013364,-0.10192358,0.70531625,89.09927368,0.84077644,-15.61785793,0.20597717,0.23424129,0.24898294,0.96297413,0.01836240,-0.26896444,0.01612769,-0.26919076,0.01118968,-0.96302134,-0.04604859,-0.01467378,0.99976742,0.01571833,0.47729078,-0.00000000,0.00000000,0.00000000,1.00000000
92,track,1784531428,963594703,camera_color_optical_frame,/home/bit/ffs+fp+sam/fp/stereo_tracker_fast_outputs/visualization/000092.png,0.01629366,-0.04611564,0.47761825,0.69551831,-0.08846717,-0.10386416,0.70543617,89.03402710,1.12668240,-15.64357471,-0.06475721,-0.02121688,-0.28627542,0.96277070,0.02347795,-0.26929456,0.01629366,-0.26959988,0.01093281,-0.96290988,-0.04611564,-0.01966303,0.99966323,0.01685541,0.47761825,-0.00000000,0.00000000,0.00000000,1.00000000
93,track,1784531429,30367619,camera_color_optical_frame,/home/bit/ffs+fp+sam/fp/stereo_tracker_fast_outputs/visualization/000093.png,0.01637811,-0.04582019,0.47735420,0.69381428,-0.08960009,-0.10429776,0.70690560,88.78579712,1.03418839,-15.77338982,-0.24588457,-0.13133630,0.09028935,0.96218669,0.02312565,-0.27140403,0.01637811,-0.27178878,0.01548713,-0.96223187,-0.04582019,-0.01804900,0.99961126,0.02118678,0.47735420,-0.00000000,0.00000000,0.00000000,1.00000000
94,track,1784531429,97363102,camera_color_optical_frame,/home/bit/ffs+fp+sam/fp/stereo_tracker_fast_outputs/visualization/000094.png,0.01666531,-0.04581492,0.47741142,0.69296682,-0.08845259,-0.10593446,0.70763773,88.62754059,1.23960114,-15.81783009,-0.15730806,-0.04007209,-0.20630911,0.96190709,0.02733699,-0.27200273,0.01666531,-0.27251559,0.01714959,-0.96199805,-0.04581492,-0.02163341,0.99947780,0.02394603,0.47741142,-0.00000000,0.00000000,0.00000000,1.00000000
95,track,1784531429,163803434,camera_color_optical_frame,/home/bit/ffs+fp+sam/fp/stereo_tracker_fast_outputs/visualization/000095.png,0.01661000,-0.04569121,0.47752261,0.69368076,-0.08890391,-0.10468631,0.70706713,88.75028229,1.11824358,-15.74962044,0.12140498,0.06526574,0.12295504,0.96227282,0.02469859,-0.27095968,0.01661000,-0.27138212,0.01569519,-0.96234316,-0.04569121,-0.01951578,0.99957031,0.02180577,0.47752261,-0.00000000,0.00000000,0.00000000,1.00000000
96,track,1784531429,230492017,camera_color_optical_frame,/home/bit/ffs+fp+sam/fp/stereo_tracker_fast_outputs/visualization/000096.png,0.01651061,-0.04580806,0.47737443,0.69426876,-0.08718077,-0.10610132,0.70649338,88.80894470,1.38328171,-15.72691059,0.05809564,0.02847699,-0.26447988,0.96228313,0.02886591,-0.27051076,0.01651061,-0.27097329,0.01346632,-0.96249205,-0.04580806,-0.02414045,0.99949121,0.02078027,0.47737443,-0.00000000,0.00000000,0.00000000,1.00000000
97,track,1784531429,297171140,camera_color_optical_frame,/home/bit/ffs+fp+sam/fp/stereo_tracker_fast_outputs/visualization/000097.png,0.01674436,-0.04600371,0.47752756,0.69412243,-0.08816622,-0.10665853,0.70643097,88.80548859,1.34666336,-15.85272217,-0.00050693,-0.12651609,0.03399208,0.96170050,0.02829738,-0.27263469,0.01674436,-0.27308986,0.01363553,-0.96189129,-0.04600371,-0.02350152,0.99950516,0.02084099,0.47752756,-0.00000000,0.00000000,0.00000000,1.00000000
98,track,1784531429,347089742,camera_color_optical_frame,/home/bit/ffs+fp+sam/fp/stereo_tracker_fast_outputs/visualization/000098.png,0.01656461,-0.04599393,0.47753796,0.69466203,-0.08955207,-0.10402858,0.70611840,88.91974640,1.03486300,-15.74604988,0.11232081,0.10012916,0.31395301,0.96231610,0.02249610,-0.27099797,0.01656461,-0.27132958,0.01324503,-0.96239477,-0.04599393,-0.01806077,0.99965781,0.01884972,0.47753796,-0.00000000,0.00000000,0.00000000,1.00000000
99,track,1784531429,413710773,camera_color_optical_frame,/home/bit/ffs+fp+sam/fp/stereo_tracker_fast_outputs/visualization/000099.png,0.01618263,-0.04591932,0.47755712,0.69490325,-0.09068039,-0.10361513,0.70579773,88.98152924,0.91683233,-15.80270672,0.06267852,-0.05886691,0.11694153,0.96208107,0.02023440,-0.27200884,0.01618263,-0.27229059,0.01274620,-0.96213001,-0.04591932,-0.01600104,0.99971259,0.01777245,0.47755712,-0.00000000,0.00000000,0.00000000,1.00000000
100,track,1784531429,480329348,camera_color_optical_frame,/home/bit/ffs+fp+sam/fp/stereo_tracker_fast_outputs/visualization/000100.png,0.01666057,-0.04594287,0.47769147,0.69387829,-0.08879298,-0.10382184,0.70701468,88.77947235,1.06138802,-15.66881943,-0.20453684,0.13641372,-0.14215550,0.96267277,0.02358404,-0.26963514,0.01666057,-0.27002990,0.01550736,-0.96272635,-0.04594287,-0.01852364,0.99960017,0.02129684,0.47769147,-0.00000000,0.00000000,0.00000000,1.00000000
101,track,1784531429,530741886,camera_color_optical_frame,/home/bit/ffs+fp+sam/fp/stereo_tracker_fast_outputs/visualization/000101.png,0.01670040,-0.04582980,0.47749314,0.69353890,-0.08888178,-0.10344266,0.70739198,88.72732544,1.01617217,-15.64507103,-0.05257727,0.02277567,0.04571274,0.96279836,0.02306303,-0.26923138,0.01670040,-0.26963472,0.01660623,-0.96281886,-0.04582980,-0.01773460,0.99959469,0.02220700,0.47749314,-0.00000000,0.00000000,0.00000000,1.00000000
102,track,1784531429,597112782,camera_color_optical_frame,/home/bit/ffs+fp+sam/fp/stereo_tracker_fast_outputs/visualization/000102.png,0.01613552,-0.04588388,0.47745425,0.69499683,-0.08987666,-0.10336221,0.70584553,88.97978210,0.96231931,-15.71674061,0.25365427,-0.07283805,0.05224822,0.96247602,0.02098748,-0.27055073,0.01613552,-0.27084324,0.01259089,-0.96254057,-0.04588388,-0.01679484,0.99969906,0.01780269,0.47745425,-0.00000000,0.00000000,0.00000000,1.00000000
103,track,1784531429,649010012,camera_color_optical_frame,/home/bit/ffs+fp+sam/fp/stereo_tracker_fast_outputs/visualization/000103.png,0.01630207,-0.04597627,0.47733524,0.69517416,-0.09016968,-0.10429709,0.70549589,89.01407623,1.01881421,-15.81741238,0.03607790,-0.09963652,-0.05827900,0.96198231,0.02179504,-0.27223781,0.01630207,-0.27252933,0.01170951,-0.96207565,-0.04597627,-0.01778071,0.99969250,0.01720406,0.47733524,-0.00000000,0.00000000,0.00000000,1.00000000
104,track,1784531429,697126940,camera_color_optical_frame,/home/bit/ffs+fp+sam/fp/stereo_tracker_fast_outputs/visualization/000104.png,0.01645372,-0.04595712,0.47746742,0.69435722,-0.09042038,-0.10404509,0.70630515,88.88914490,0.96033847,-15.81793976,-0.12492300,-0.00153297,0.05845863,0.96199673,0.02140704,-0.27221751,0.01645372,-0.27254298,0.01408506,-0.96203995,-0.04595712,-0.01676027,0.99967027,0.01938407,0.47746742,-0.00000000,0.00000000,0.00000000,1.00000000
105,track,1784531429,763629243,camera_color_optical_frame,/home/bit/ffs+fp+sam/fp/stereo_tracker_fast_outputs/visualization/000105.png,0.01672192,-0.04588399,0.47726011,0.69336230,-0.08929626,-0.10617055,0.70710874,88.70762634,1.20015383,-15.90467453,-0.17971811,-0.08204929,-0.24145396,0.96150720,0.02631886,-0.27351353,0.01672192,-0.27397734,0.01595263,-0.96160328,-0.04588399,-0.02094509,0.99952489,0.02254928,0.47726011,-0.00000000,0.00000000,0.00000000,1.00000000
106,track,1784531429,814097319,camera_color_optical_frame,/home/bit/ffs+fp+sam/fp/stereo_tracker_fast_outputs/visualization/000106.png,0.01637548,-0.04552587,0.47734120,0.69317180,-0.08854933,-0.10437948,0.70765591,88.66214752,1.11052167,-15.69640541,-0.04951509,0.20615681,0.09429745,0.96252710,0.02496970,-0.27003059,0.01637548,-0.27048901,0.01723529,-0.96256816,-0.04552587,-0.01938103,0.99953818,0.02334340,0.47734120,-0.00000000,0.00000000,0.00000000,1.00000000
107,track,1784531429,863829780,camera_color_optical_frame,/home/bit/ffs+fp+sam/fp/stereo_tracker_fast_outputs/visualization/000107.png,0.01658679,-0.04585181,0.47745562,0.69396061,-0.08823457,-0.10448476,0.70690614,88.78120422,1.16144550,-15.67854404,0.11868521,0.01904550,-0.05049429,0.96259445,0.02525917,-0.26976365,0.01658679,-0.27018419,0.01500268,-0.96269113,-0.04585181,-0.02026964,0.99956691,0.02126606,0.47745562,-0.00000000,0.00000000,0.00000000,1.00000000
108,track,1784531429,930368206,camera_color_optical_frame,/home/bit/ffs+fp+sam/fp/stereo_tracker_fast_outputs/visualization/000108.png,0.01635116,-0.04596274,0.47748917,0.69409138,-0.08931667,-0.10407727,0.70670193,88.82408142,1.04501343,-15.73188400,0.04384327,-0.05578734,0.11526980,0.96238011,0.02311534,-0.27071869,0.01635116,-0.27109081,0.01480966,-0.96243924,-0.04596274,-0.01823790,0.99962163,0.02051880,0.47748917,-0.00000000,0.00000000,0.00000000,1.00000000
109,track,1784531429,980470234,camera_color_optical_frame,/home/bit/ffs+fp+sam/fp/stereo_tracker_fast_outputs/visualization/000109.png,0.01620794,-0.04594811,0.47752619,0.69409347,-0.08994611,-0.10359354,0.70669109,88.83737183,0.95568597,-15.74265385,0.01346776,-0.01259406,0.08908647,0.96235526,0.02155521,-0.27093530,0.01620794,-0.27127904,0.01500483,-0.96238321,-0.04594811,-0.01667908,0.99965358,0.02028740,0.47752619,-0.00000000,0.00000000,0.00000000,1.00000000
110,track,1784531430,30392448,camera_color_optical_frame,/home/bit/ffs+fp+sam/fp/stereo_tracker_fast_outputs/visualization/000110.png,0.01676531,-0.04607990,0.47755492,0.69437313,-0.08689605,-0.10512710,0.70657152,88.81990051,1.32929075,-15.62313271,-0.02027101,0.12704338,-0.37110746,0.96279383,0.02788299,-0.26879126,0.01676531,-0.26923594,0.01358805,-0.96297777,-0.04607990,-0.02319840,0.99951732,0.02058953,0.47755492,-0.00000000,0.00000000,0.00000000,1.00000000
